"Station Name","MEDICINE HAT"
"Province","ALBERTA"
"Latitude","50.02"
"Longitude","-110.72"
"Elevation","716.90"
"Climate Identifier","3034479"
"WMO Identifier","71247"
"TC Identifier","YXH"
"All times are specified in Local Standard Time (LST). Add 1 hour to adjust for Daylight Saving Time where and when it is observed."

"Legend"
"E","Estimated"
"M","Missing"
"NA","Not Available"

"Date/Time","Year","Month","Day","Time","Temp (°C)","Temp Flag","Dew Point Temp (°C)","Dew Point Temp Flag","Rel Hum (%)","Rel Hum Flag","Wind Dir (10s deg)","Wind Dir Flag","Wind Spd (km/h)","Wind Spd Flag","Visibility (km)","Visibility Flag","Stn Press (kPa)","Stn Press Flag","Hmdx","Hmdx Flag","Wind Chill","Wind Chill Flag","Weather"
"2018-02-01 00:00","2018","02","01","00:00","-19.6","","-23.6","","71","","8","","8","","16.1","","94.24","","","","-26","","NA"
"2018-02-01 01:00","2018","02","01","01:00","-19.1","","-23.1","","71","","7","","5","","16.1","","94.23","","","","-23","","NA"
"2018-02-01 02:00","2018","02","01","02:00","-18.8","","-22.9","","71","","","","0","","16.1","","94.22","","","","","","NA"
"2018-02-01 03:00","2018","02","01","03:00","-18.6","","-22.6","","71","","","","0","","16.1","","94.19","","","","","","NA"
"2018-02-01 04:00","2018","02","01","04:00","-19.0","","-22.7","","73","","","","0","","16.1","","94.19","","","","","","NA"
"2018-02-01 05:00","2018","02","01","05:00","-18.6","","-22.0","","75","","","M","4","","16.1","","94.18","","","","-22","","NA"
"2018-02-01 06:00","2018","02","01","06:00","-18.1","","-22.2","","71","","7","","11","","16.1","","94.15","","","","-25","","NA"
"2018-02-01 07:00","2018","02","01","07:00","-17.8","","-21.9","","71","","8","","9","","16.1","","94.12","","","","-24","","Snow"
"2018-02-01 08:00","2018","02","01","08:00","-18.0","","-21.4","","75","","10","","5","","16.1","","94.07","","","","-22","","NA"
"2018-02-01 09:00","2018","02","01","09:00","-17.2","","-20.7","","74","","6","","8","","16.1","","94.06","","","","-23","","NA"
"2018-02-01 10:00","2018","02","01","10:00","-16.1","","-20.7","","68","","7","","8","","16.1","","94.03","","","","-22","","NA"
"2018-02-01 11:00","2018","02","01","11:00","-15.1","","-20.2","","66","","9","","11","","16.1","","93.97","","","","-22","","NA"
"2018-02-01 12:00","2018","02","01","12:00","-13.8","","-19.2","","64","","","","0","","16.1","","93.91","","","","","","NA"
"2018-02-01 13:00","2018","02","01","13:00","-13.2","","-19.0","","62","","8","","5","","16.1","","93.83","","","","-17","","NA"
"2018-02-01 14:00","2018","02","01","14:00","-12.3","","-18.1","","62","","7","","9","","16.1","","93.77","","","","-18","","NA"
"2018-02-01 15:00","2018","02","01","15:00","-11.7","","-17.0","","65","","5","","9","","16.1","","93.75","","","","-17","","NA"
"2018-02-01 16:00","2018","02","01","16:00","-11.9","","-16.5","","69","","4","","5","","16.1","","93.79","","","","-15","","NA"
"2018-02-01 17:00","2018","02","01","17:00","-12.6","","-16.8","","71","","3","","13","","16.1","","93.81","","","","-19","","NA"
"2018-02-01 18:00","2018","02","01","18:00","-12.8","","-17.0","","71","","36","","15","","16.1","","93.87","","","","-20","","NA"
"2018-02-01 19:00","2018","02","01","19:00","-13.6","","-18.0","","70","","5","","9","","16.1","","93.89","","","","-19","","NA"
"2018-02-01 20:00","2018","02","01","20:00","-15.8","","-18.8","","78","","1","","8","","16.1","","93.85","","","","-21","","NA"
"2018-02-01 21:00","2018","02","01","21:00","-16.3","","-19.0","","80","","35","","9","","16.1","","93.85","","","","-22","","NA"
"2018-02-01 22:00","2018","02","01","22:00","-16.0","","-18.9","","79","","1","","13","","16.1","","93.83","","","","-24","","NA"
"2018-02-01 23:00","2018","02","01","23:00","-15.8","","-18.8","","78","","36","","8","","16.1","","93.84","","","","-21","","NA"
"2018-02-02 00:00","2018","02","02","00:00","-14.9","","-18.7","","73","","5","","5","","16.1","","93.81","","","","-18","","NA"
"2018-02-02 01:00","2018","02","02","01:00","-14.7","","-18.3","","74","","1","","8","","16.1","","93.80","","","","-20","","NA"
"2018-02-02 02:00","2018","02","02","02:00","-14.8","","-18.0","","77","","36","","8","","16.1","","93.75","","","","-20","","NA"
"2018-02-02 03:00","2018","02","02","03:00","-14.8","","-18.3","","75","","5","","11","","16.1","","93.69","","","","-21","","NA"
"2018-02-02 04:00","2018","02","02","04:00","-14.9","","-18.6","","74","","6","","11","","16.1","","93.69","","","","-21","","NA"
"2018-02-02 05:00","2018","02","02","05:00","-15.0","","-18.8","","73","","5","","11","","16.1","","93.71","","","","-22","","NA"
"2018-02-02 06:00","2018","02","02","06:00","-15.3","","-19.0","","74","","7","","11","","16.1","","93.65","","","","-22","","NA"
"2018-02-02 07:00","2018","02","02","07:00","-15.5","","-18.7","","77","","7","","11","","16.1","","93.66","","","","-22","","NA"
"2018-02-02 08:00","2018","02","02","08:00","-15.4","","-18.4","","78","","7","","11","","16.1","","93.57","","","","-22","","NA"
"2018-02-02 09:00","2018","02","02","09:00","-15.2","","-18.0","","79","","8","","15","","16.1","","93.56","","","","-23","","NA"
"2018-02-02 10:00","2018","02","02","10:00","-15.0","","-17.7","","80","","6","","18","","16.1","","93.56","","","","-24","","NA"
"2018-02-02 11:00","2018","02","02","11:00","-14.6","","-17.6","","78","","8","","22","","16.1","","93.41","","","","-24","","Snow"
"2018-02-02 12:00","2018","02","02","12:00","-14.6","","-17.6","","78","","8","","24","","16.1","","93.32","","","","-24","","Snow"
"2018-02-02 13:00","2018","02","02","13:00","-14.2","","-16.9","","80","","8","","17","","16.1","","93.28","","","","-22","","Snow"
"2018-02-02 14:00","2018","02","02","14:00","-14.2","","-16.8","","81","","6","","21","","16.1","","93.16","","","","-23","","Snow"
"2018-02-02 15:00","2018","02","02","15:00","-14.2","","-16.2","","85","","7","","17","","9.7","","93.11","","","","-22","","Snow"
"2018-02-02 16:00","2018","02","02","16:00","-14.2","","-16.3","","84","","6","","17","","16.1","","93.05","","","","-22","","Snow"
"2018-02-02 17:00","2018","02","02","17:00","-14.3","","-16.6","","83","","6","","21","","3.2","","92.92","","","","-24","","Snow"
"2018-02-02 18:00","2018","02","02","18:00","-14.5","","-16.8","","83","","4","","21","","3.2","","92.98","","","","-24","","Snow"
"2018-02-02 19:00","2018","02","02","19:00","-14.6","","-17.0","","82","","4","","18","","16.1","","93.00","","","","-23","","Snow"
"2018-02-02 20:00","2018","02","02","20:00","-14.3","","-16.9","","81","","2","","15","","16.1","","93.10","","","","-22","","NA"
"2018-02-02 21:00","2018","02","02","21:00","-14.6","","-17.5","","79","","5","","9","","16.1","","92.99","","","","-20","","NA"
"2018-02-02 22:00","2018","02","02","22:00","-14.8","","-17.7","","79","","5","","13","","16.1","","93.06","","","","-22","","NA"
"2018-02-02 23:00","2018","02","02","23:00","-14.7","","-17.6","","79","","8","","15","","16.1","","92.98","","","","-23","","NA"
"2018-02-03 00:00","2018","02","03","00:00","-15.0","","-17.6","","81","","5","","5","","16.1","","92.91","","","","-19","","Snow"
"2018-02-03 01:00","2018","02","03","01:00","-15.0","","-17.6","","81","","2","","15","","16.1","","92.99","","","","-23","","NA"
"2018-02-03 02:00","2018","02","03","02:00","-15.3","","-17.9","","81","","3","","21","","16.1","","92.99","","","","-25","","NA"
"2018-02-03 03:00","2018","02","03","03:00","-15.8","","-18.4","","81","","36","","22","","16.1","","93.16","","","","-26","","Snow"
"2018-02-03 04:00","2018","02","03","04:00","-17.1","","-19.8","","80","","1","","24","","11.3","","93.30","","","","-28","","Snow"
"2018-02-03 05:00","2018","02","03","05:00","-18.4","","-21.0","","80","","35","","21","","2.4","","93.50","","","","-29","","Snow"
"2018-02-03 06:00","2018","02","03","06:00","-19.3","","-22.1","","79","","35","","18","","3.6","","93.59","","","","-29","","Snow"
"2018-02-03 07:00","2018","02","03","07:00","-19.6","","-22.4","","79","","1","","17","","4.8","","93.70","","","","-29","","Snow"
"2018-02-03 08:00","2018","02","03","08:00","-19.5","","-22.6","","77","","33","","24","","11.3","","93.85","","","","-31","","Snow"
"2018-02-03 09:00","2018","02","03","09:00","-19.6","","-22.7","","77","","34","","24","","16.1","","93.99","","","","-31","","Snow"
"2018-02-03 10:00","2018","02","03","10:00","-20.1","","-23.3","","76","","35","","24","","4.8","","94.13","","","","-32","","Snow"
"2018-02-03 11:00","2018","02","03","11:00","-20.2","","-23.4","","76","","35","","22","","6.4","","94.29","","","","-31","","Snow"
"2018-02-03 12:00","2018","02","03","12:00","-20.5","","-24.2","","73","","36","","22","","2.4","","94.36","","","","-32","","Snow"
"2018-02-03 13:00","2018","02","03","13:00","-20.2","","-24.0","","72","","33","","21","","4.8","","94.38","","","","-31","","Snow"
"2018-02-03 14:00","2018","02","03","14:00","-20.1","","-23.9","","73","","33","","21","","4.0","","94.37","","","","-31","","Snow"
"2018-02-03 15:00","2018","02","03","15:00","-19.9","","-23.6","","73","","33","","18","","3.6","","94.36","","","","-30","","Snow"
"2018-02-03 16:00","2018","02","03","16:00","-19.8","","-23.3","","74","","33","","18","","3.6","","94.39","","","","-30","","Snow"
"2018-02-03 17:00","2018","02","03","17:00","-19.8","","-22.7","","78","","32","","13","","2.8","","94.45","","","","-28","","Snow"
"2018-02-03 18:00","2018","02","03","18:00","-20.0","","-22.9","","78","","32","","15","","2.8","","94.52","","","","-29","","Snow"
"2018-02-03 19:00","2018","02","03","19:00","-20.1","","-23.3","","76","","30","","11","","12.9","","94.57","","","","-28","","Snow"
"2018-02-03 20:00","2018","02","03","20:00","-20.6","","-24.6","","71","","33","","17","","16.1","","94.64","","","","-30","","NA"
"2018-02-03 21:00","2018","02","03","21:00","-23.4","","-25.8","","81","","27","","9","","16.1","","94.66","","","","-31","","NA"
"2018-02-03 22:00","2018","02","03","22:00","-25.6","","-28.2","","79","","24","","13","","16.1","","94.66","","","","-35","","NA"
"2018-02-03 23:00","2018","02","03","23:00","-26.0","","-28.6","","79","","18","","9","","16.1","","94.61","","","","-34","","NA"
"2018-02-04 00:00","2018","02","04","00:00","-26.8","","-29.4","","79","","21","","9","","16.1","","94.51","","","","-35","","Snow"
"2018-02-04 01:00","2018","02","04","01:00","-27.2","","-30.1","","77","","20","","11","","16.1","","94.45","","","","-36","","Snow"
"2018-02-04 02:00","2018","02","04","02:00","-27.7","","-30.6","","77","","20","","8","","16.1","","94.32","","","","-35","","NA"
"2018-02-04 03:00","2018","02","04","03:00","-26.8","","-29.6","","78","","21","","15","","11.3","","94.22","","","","-37","","Snow"
"2018-02-04 04:00","2018","02","04","04:00","-28.6","","-31.7","","75","","23","","13","","16.1","","94.09","","","","-39","","NA"
"2018-02-04 05:00","2018","02","04","05:00","-28.7","","-31.8","","75","","24","","9","","16.1","","93.95","","","","-37","","NA"
"2018-02-04 06:00","2018","02","04","06:00","-27.7","","-30.6","","77","","23","","8","","16.1","","93.84","","","","-35","","NA"
"2018-02-04 07:00","2018","02","04","07:00","-27.8","","-30.8","","76","","18","","5","","16.1","","93.75","","","","-33","","NA"
"2018-02-04 08:00","2018","02","04","08:00","-26.3","","-29.1","","78","","22","","5","","16.1","","93.67","","","","-31","","NA"
"2018-02-04 09:00","2018","02","04","09:00","-26.5","","-29.3","","78","","15","","4","","16.1","","93.61","","","","-31","","NA"
"2018-02-04 10:00","2018","02","04","10:00","-23.8","","-26.5","","79","","","","0","","16.1","","93.53","","","","","","NA"
"2018-02-04 11:00","2018","02","04","11:00","-20.5","","-23.3","","79","","20","","8","","16.1","","93.47","","","","-27","","NA"
"2018-02-04 12:00","2018","02","04","12:00","-17.2","","-21.6","","69","","21","","11","","16.1","","93.40","","","","-24","","NA"
"2018-02-04 13:00","2018","02","04","13:00","-15.7","","-20.0","","70","","23","","18","","16.1","","93.26","","","","-25","","NA"
"2018-02-04 14:00","2018","02","04","14:00","-14.7","","-18.7","","72","","23","","21","","16.1","","93.12","","","","-24","","NA"
"2018-02-04 15:00","2018","02","04","15:00","-13.2","","-17.2","","73","","23","","17","","16.1","","93.06","","","","-21","","NA"
"2018-02-04 16:00","2018","02","04","16:00","-13.1","","-17.0","","73","","23","","13","","16.1","","92.98","","","","-20","","NA"
"2018-02-04 17:00","2018","02","04","17:00","-13.1","","-16.7","","75","","27","","8","","16.1","","92.95","","","","-18","","NA"
"2018-02-04 18:00","2018","02","04","18:00","-13.1","","-16.5","","76","","29","","9","","16.1","","93.00","","","","-19","","NA"
"2018-02-04 19:00","2018","02","04","19:00","-13.2","","-16.4","","77","","27","","11","","16.1","","93.05","","","","-19","","NA"
"2018-02-04 20:00","2018","02","04","20:00","-13.6","","-16.4","","80","","30","","9","","16.1","","93.10","","","","-19","","NA"
"2018-02-04 21:00","2018","02","04","21:00","-14.4","","-17.8","","76","","33","","17","","16.1","","93.19","","","","-23","","NA"
"2018-02-04 22:00","2018","02","04","22:00","-15.3","","-18.7","","76","","32","","13","","16.1","","93.30","","","","-23","","NA"
"2018-02-04 23:00","2018","02","04","23:00","-15.2","","-18.7","","75","","31","","9","","16.1","","93.42","","","","-21","","NA"
"2018-02-05 00:00","2018","02","05","00:00","-15.3","","-20.1","","67","","34","","5","","16.1","","93.51","","","","-19","","NA"
"2018-02-05 01:00","2018","02","05","01:00","-16.1","","-21.0","","66","","21","","5","","16.1","","93.61","","","","-20","","NA"
"2018-02-05 02:00","2018","02","05","02:00","-15.9","","-18.9","","78","","19","","4","","16.1","","93.66","","","","-19","","NA"
"2018-02-05 03:00","2018","02","05","03:00","-17.1","","-19.8","","80","","23","","5","","16.1","","93.73","","","","-21","","NA"
"2018-02-05 04:00","2018","02","05","04:00","-16.5","","-19.0","","81","","21","","5","","16.1","","93.75","","","","-20","","NA"
"2018-02-05 05:00","2018","02","05","05:00","-18.4","","-21.0","","81","","23","","9","","16.1","","93.81","","","","-25","","NA"
"2018-02-05 06:00","2018","02","05","06:00","-19.6","","-22.1","","81","","23","","9","","16.1","","93.89","","","","-26","","NA"
"2018-02-05 07:00","2018","02","05","07:00","-19.6","","-21.4","","86","","24","","8","","16.1","","93.93","","","","-26","","NA"
"2018-02-05 08:00","2018","02","05","08:00","-20.9","","-22.8","","85","","1","","8","","6.4","","93.96","","","","-27","","Fog"
"2018-02-05 09:00","2018","02","05","09:00","-21.9","","-24.1","","83","","17","","4","","4.0","","94.01","","","","-26","","Fog"
"2018-02-05 10:00","2018","02","05","10:00","-19.6","","-21.7","","84","","","","0","","16.1","","94.02","","","","","","NA"
"2018-02-05 11:00","2018","02","05","11:00","-18.0","","-21.6","","74","","34","","5","","16.1","","94.03","","","","-22","","NA"
"2018-02-05 12:00","2018","02","05","12:00","-16.5","","-20.7","","70","","26","","8","","16.1","","93.98","","","","-22","","NA"
"2018-02-05 13:00","2018","02","05","13:00","-16.3","","-20.9","","68","","26","","4","","16.1","","93.93","","","","-19","","NA"
"2018-02-05 14:00","2018","02","05","14:00","-15.2","","-20.1","","67","","","","0","","16.1","","93.82","","","","","","NA"
"2018-02-05 15:00","2018","02","05","15:00","-15.0","","-19.6","","68","","20","","9","","16.1","","93.79","","","","-21","","NA"
"2018-02-05 16:00","2018","02","05","16:00","-15.7","","-20.3","","68","","28","","4","","16.1","","93.70","","","","-19","","NA"
"2018-02-05 17:00","2018","02","05","17:00","-16.9","","-21.0","","71","","23","","8","","16.1","","93.68","","","","-23","","NA"
"2018-02-05 18:00","2018","02","05","18:00","-19.4","","-21.7","","82","","21","","5","","16.1","","93.61","","","","-24","","NA"
"2018-02-05 19:00","2018","02","05","19:00","-20.9","","-23.6","","79","","21","","9","","16.1","","93.56","","","","-28","","NA"
"2018-02-05 20:00","2018","02","05","20:00","-22.1","","-24.7","","80","","22","","9","","16.1","","93.52","","","","-29","","NA"
"2018-02-05 21:00","2018","02","05","21:00","-23.4","","-25.8","","81","","19","","9","","16.1","","93.41","","","","-31","","NA"
"2018-02-05 22:00","2018","02","05","22:00","-23.6","","-25.7","","83","","18","","4","","16.1","","93.35","","","","-27","","NA"
"2018-02-05 23:00","2018","02","05","23:00","-24.0","","-26.3","","82","","15","","5","","16.1","","93.26","","","","-29","","NA"
"2018-02-06 00:00","2018","02","06","00:00","-23.2","","-25.3","","83","","7","","5","","16.1","","93.24","","","","-28","","NA"
"2018-02-06 01:00","2018","02","06","01:00","-23.3","","-25.4","","83","","6","","8","","16.1","","93.24","","","","-30","","NA"
"2018-02-06 02:00","2018","02","06","02:00","-23.7","","-25.9","","83","","18","","5","","16.1","","93.26","","","","-28","","NA"
"2018-02-06 03:00","2018","02","06","03:00","-24.8","","-27.3","","80","","22","","8","","16.1","","93.29","","","","-32","","NA"
"2018-02-06 04:00","2018","02","06","04:00","-20.6","","-22.6","","84","","24","","11","","16.1","","93.38","","","","-28","","NA"
"2018-02-06 05:00","2018","02","06","05:00","-20.5","","-22.9","","81","","23","","21","","16.1","","93.48","","","","-31","","Snow"
"2018-02-06 06:00","2018","02","06","06:00","-21.6","","-24.0","","81","","21","","15","","16.1","","93.62","","","","-31","","NA"
"2018-02-06 07:00","2018","02","06","07:00","-19.6","","-21.8","","83","","28","","11","","16.1","","93.71","","","","-27","","NA"
"2018-02-06 08:00","2018","02","06","08:00","-16.9","","-20.0","","77","","28","","17","","16.1","","93.88","","","","-26","","NA"
"2018-02-06 09:00","2018","02","06","09:00","-16.6","","-20.0","","75","","27","","9","","16.1","","94.00","","","","-23","","NA"
"2018-02-06 10:00","2018","02","06","10:00","-15.8","","-19.3","","75","","30","","17","","16.1","","94.15","","","","-24","","NA"
"2018-02-06 11:00","2018","02","06","11:00","-15.0","","-18.5","","75","","30","","18","","16.1","","94.25","","","","-24","","NA"
"2018-02-06 12:00","2018","02","06","12:00","-14.6","","-18.2","","74","","29","","24","","16.1","","94.28","","","","-24","","NA"
"2018-02-06 13:00","2018","02","06","13:00","-14.3","","-18.0","","74","","29","","18","","16.1","","94.29","","","","-23","","NA"
"2018-02-06 14:00","2018","02","06","14:00","-13.9","","-17.6","","74","","29","","15","","16.1","","94.31","","","","-22","","NA"
"2018-02-06 15:00","2018","02","06","15:00","-13.9","","-17.5","","75","","27","","13","","16.1","","94.28","","","","-21","","NA"
"2018-02-06 16:00","2018","02","06","16:00","-13.8","","-17.5","","74","","26","","13","","16.1","","94.29","","","","-21","","NA"
"2018-02-06 17:00","2018","02","06","17:00","-14.2","","-17.7","","75","","22","","8","","16.1","","94.27","","","","-19","","NA"
"2018-02-06 18:00","2018","02","06","18:00","-15.2","","-18.1","","79","","21","","9","","16.1","","94.23","","","","-21","","NA"
"2018-02-06 19:00","2018","02","06","19:00","-13.8","","-17.0","","77","","21","","9","","16.1","","94.20","","","","-19","","NA"
"2018-02-06 20:00","2018","02","06","20:00","-13.6","","-17.0","","76","","21","","13","","16.1","","94.07","","","","-21","","NA"
"2018-02-06 21:00","2018","02","06","21:00","-15.7","","-18.5","","79","","20","","8","","16.1","","94.00","","","","-21","","NA"
"2018-02-06 22:00","2018","02","06","22:00","-17.8","","-20.0","","83","","19","","4","","16.1","","93.88","","","","-21","","NA"
"2018-02-06 23:00","2018","02","06","23:00","-17.8","","-20.0","","83","","","","0","","16.1","","93.78","","","","","","NA"
"2018-02-07 00:00","2018","02","07","00:00","-16.7","","-19.1","","82","","7","","8","","16.1","","93.62","","","","-22","","NA"
"2018-02-07 01:00","2018","02","07","01:00","-15.2","","-18.7","","75","","6","","11","","16.1","","93.50","","","","-22","","NA"
"2018-02-07 02:00","2018","02","07","02:00","-14.8","","-18.8","","72","","6","","11","","16.1","","93.35","","","","-21","","NA"
"2018-02-07 03:00","2018","02","07","03:00","-14.0","","-17.9","","73","","4","","4","","16.1","","93.34","","","","-17","","NA"
"2018-02-07 04:00","2018","02","07","04:00","-14.4","","-18.6","","71","","5","","9","","16.1","","93.32","","","","-20","","NA"
"2018-02-07 05:00","2018","02","07","05:00","-14.1","","-17.6","","75","","36","","5","","16.1","","93.38","","","","-18","","NA"
"2018-02-07 06:00","2018","02","07","06:00","-13.9","","-17.5","","75","","36","","9","","16.1","","93.43","","","","-20","","NA"
"2018-02-07 07:00","2018","02","07","07:00","-14.5","","-17.5","","78","","35","","5","","16.1","","93.48","","","","-18","","NA"
"2018-02-07 08:00","2018","02","07","08:00","-14.8","","-17.7","","79","","34","","9","","16.1","","93.54","","","","-21","","NA"
"2018-02-07 09:00","2018","02","07","09:00","-14.5","","-17.5","","78","","35","","5","","16.1","","93.67","","","","-18","","NA"
"2018-02-07 10:00","2018","02","07","10:00","-13.9","","-17.0","","78","","34","","8","","16.1","","93.78","","","","-19","","NA"
"2018-02-07 11:00","2018","02","07","11:00","-13.4","","-16.6","","77","","36","","8","","6.4","","93.87","","","","-18","","Snow"
"2018-02-07 12:00","2018","02","07","12:00","-12.7","","-15.2","","82","","34","","8","","2.8","","93.92","","","","-18","","Snow"
"2018-02-07 13:00","2018","02","07","13:00","-12.0","","-14.2","","84","","34","","4","","2.4","","93.95","","","","-15","","Snow"
"2018-02-07 14:00","2018","02","07","14:00","-11.6","","-13.7","","85","","32","","8","","2.8","","94.00","","","","-16","","Snow"
"2018-02-07 15:00","2018","02","07","15:00","-11.6","","-13.8","","84","","34","","11","","8.1","","94.02","","","","-18","","Snow"
"2018-02-07 16:00","2018","02","07","16:00","-11.1","","-13.3","","84","","36","","8","","16.1","","94.06","","","","-16","","Snow"
"2018-02-07 17:00","2018","02","07","17:00","-10.9","","-13.0","","85","","1","","9","","16.1","","94.10","","","","-16","","Snow"
"2018-02-07 18:00","2018","02","07","18:00","-11.6","","-13.5","","86","","1","","11","","16.1","","94.14","","","","-18","","Snow"
"2018-02-07 19:00","2018","02","07","19:00","-11.6","","-13.8","","84","","5","","13","","6.4","","94.12","","","","-18","","Snow"
"2018-02-07 20:00","2018","02","07","20:00","-11.8","","-13.7","","86","","5","","13","","3.2","","94.10","","","","-18","","Snow"
"2018-02-07 21:00","2018","02","07","21:00","-12.0","","-13.7","","87","","7","","17","","2.4","","94.08","","","","-20","","Snow"
"2018-02-07 22:00","2018","02","07","22:00","-12.7","","-14.6","","86","","6","","17","","2.8","","94.09","","","","-21","","Snow"
"2018-02-07 23:00","2018","02","07","23:00","-13.2","","-14.9","","87","","6","","15","","2.0","","94.07","","","","-21","","Snow"
"2018-02-08 00:00","2018","02","08","00:00","-13.3","","-15.2","","86","","7","","15","","9.7","","94.02","","","","-21","","Snow"
"2018-02-08 01:00","2018","02","08","01:00","-13.6","","-15.8","","84","","7","","17","","16.1","","93.96","","","","-22","","Snow"
"2018-02-08 02:00","2018","02","08","02:00","-13.8","","-15.8","","85","","6","","17","","6.4","","93.94","","","","-22","","Snow"
"2018-02-08 03:00","2018","02","08","03:00","-13.9","","-15.9","","85","","5","","18","","2.4","","93.97","","","","-22","","Snow"
"2018-02-08 04:00","2018","02","08","04:00","-14.6","","-16.6","","85","","5","","21","","2.0","","93.90","","","","-24","","Snow"
"2018-02-08 05:00","2018","02","08","05:00","-15.5","","-17.5","","85","","4","","18","","2.0","","93.91","","","","-24","","Snow"
"2018-02-08 06:00","2018","02","08","06:00","-16.1","","-18.2","","84","","5","","22","","1.6","","93.85","","","","-26","","Snow"
"2018-02-08 07:00","2018","02","08","07:00","-16.6","","-18.7","","84","","4","","18","","1.6","","93.90","","","","-26","","Snow"
"2018-02-08 08:00","2018","02","08","08:00","-16.6","","-18.6","","85","","4","","17","","1.2","","93.95","","","","-25","","Snow"
"2018-02-08 09:00","2018","02","08","09:00","-16.8","","-18.9","","84","","3","","18","","1.0","","94.08","","","","-26","","Snow"
"2018-02-08 10:00","2018","02","08","10:00","-16.8","","-19.0","","83","","4","","18","","1.0","","94.19","","","","-26","","Snow"
"2018-02-08 11:00","2018","02","08","11:00","-17.0","","-19.4","","82","","3","","18","","1.2","","94.32","","","","-26","","Snow"
"2018-02-08 12:00","2018","02","08","12:00","-17.0","","-19.5","","81","","36","","17","","1.0","","94.42","","","","-26","","Snow"
"2018-02-08 13:00","2018","02","08","13:00","-16.9","","-19.3","","82","","36","","18","","1.2","","94.48","","","","-26","","Snow"
"2018-02-08 14:00","2018","02","08","14:00","-16.9","","-19.7","","79","","36","","18","","6.4","","94.56","","","","-26","","Snow"
"2018-02-08 15:00","2018","02","08","15:00","-16.8","","-19.2","","82","","36","","21","","1.6","","94.62","","","","-27","","Snow"
"2018-02-08 16:00","2018","02","08","16:00","-16.8","","-19.3","","81","","36","","21","","2.8","","94.69","","","","-27","","Snow"
"2018-02-08 17:00","2018","02","08","17:00","-17.2","","-19.6","","82","","36","","11","","8.1","","94.73","","","","-24","","Snow"
"2018-02-08 18:00","2018","02","08","18:00","-18.9","","-21.2","","82","","36","","13","","16.1","","94.81","","","","-27","","NA"
"2018-02-08 19:00","2018","02","08","19:00","-19.7","","-21.8","","84","","36","","8","","16.1","","94.85","","","","-26","","NA"
"2018-02-08 20:00","2018","02","08","20:00","-20.4","","-22.2","","86","","","","0","","16.1","","94.83","","","","","","NA"
"2018-02-08 21:00","2018","02","08","21:00","-23.9","","-26.2","","82","","","","0","","16.1","","94.85","","","","","","NA"
"2018-02-08 22:00","2018","02","08","22:00","-24.9","","-27.3","","81","","24","","5","","3.2","","94.85","","","","-30","","Snow"
"2018-02-08 23:00","2018","02","08","23:00","-23.8","","-26.2","","81","","35","","5","","11.3","","94.84","","","","-29","","NA"
"2018-02-09 00:00","2018","02","09","00:00","-24.1","","-26.6","","80","","","","0","","8.1","","94.83","","","","","","Snow"
"2018-02-09 01:00","2018","02","09","01:00","-24.0","","-26.5","","80","","19","","5","","12.9","","94.79","","","","-29","","Snow"
"2018-02-09 02:00","2018","02","09","02:00","-24.0","","-26.5","","80","","23","","4","","16.1","","94.76","","","","-28","","NA"
"2018-02-09 03:00","2018","02","09","03:00","-26.1","","-28.8","","78","","20","","5","","16.1","","94.75","","","","-31","","NA"
"2018-02-09 04:00","2018","02","09","04:00","-27.7","","-30.7","","76","","20","","9","","16.1","","94.71","","","","-36","","NA"
"2018-02-09 05:00","2018","02","09","05:00","-28.4","","-31.4","","76","","21","","9","","4.0","","94.67","","","","-37","","Snow"
"2018-02-09 06:00","2018","02","09","06:00","-30.1","","-33.3","","74","","23","","4","","16.1","","94.68","","","","-35","","NA"
"2018-02-09 07:00","2018","02","09","07:00","-31.2","","-34.6","","73","","19","","8","","16.1","","94.67","","","","-39","","NA"
"2018-02-09 08:00","2018","02","09","08:00","-33.6","","-37.3","","70","","20","","11","","0.8","","94.67","","","","-44","","Haze"
"2018-02-09 09:00","2018","02","09","09:00","-32.0","","-35.5","","72","","23","","9","","16.1","","94.68","","","","-41","","NA"
"2018-02-09 10:00","2018","02","09","10:00","-27.6","","-30.6","","76","","21","","18","","2.0","","94.66","","","","-39","","Snow"
"2018-02-09 11:00","2018","02","09","11:00","-25.9","","-28.7","","78","","23","","17","","2.4","","94.63","","","","-37","","Haze"
"2018-02-09 12:00","2018","02","09","12:00","-24.6","","-27.3","","79","","23","","18","","2.8","","94.59","","","","-36","","Snow"
"2018-02-09 13:00","2018","02","09","13:00","-23.2","","-25.8","","80","","23","","21","","1.2","","94.52","","","","-35","","Snow"
"2018-02-09 14:00","2018","02","09","14:00","-22.1","","-24.5","","82","","22","","17","","14.5","","94.45","","","","-32","","Snow"
"2018-02-09 15:00","2018","02","09","15:00","-22.2","","-24.6","","81","","23","","13","","16.1","","94.42","","","","-31","","NA"
"2018-02-09 16:00","2018","02","09","16:00","-22.5","","-25.1","","80","","23","","17","","16.1","","94.37","","","","-33","","NA"
"2018-02-09 17:00","2018","02","09","17:00","-23.4","","-26.0","","80","","23","","18","","16.1","","94.32","","","","-34","","NA"
"2018-02-09 18:00","2018","02","09","18:00","-24.8","","-27.6","","78","","23","","21","","16.1","","94.26","","","","-37","","NA"
"2018-02-09 19:00","2018","02","09","19:00","-25.4","","-28.2","","78","","22","","18","","16.1","","94.22","","","","-37","","NA"
"2018-02-09 20:00","2018","02","09","20:00","-25.3","","-28.1","","78","","21","","15","","16.1","","94.16","","","","-36","","NA"
"2018-02-09 21:00","2018","02","09","21:00","-25.2","","-27.9","","79","","23","","18","","16.1","","94.09","","","","-36","","NA"
"2018-02-09 22:00","2018","02","09","22:00","-25.4","","-28.3","","77","","23","","22","","16.1","","94.04","","","","-38","","NA"
"2018-02-09 23:00","2018","02","09","23:00","-25.0","","-28.0","","76","","22","","22","","16.1","","93.92","","","","-37","","NA"
"2018-02-10 00:00","2018","02","10","00:00","-24.7","","-27.8","","76","","22","","26","","16.1","","93.84","","","","-38","","NA"
"2018-02-10 01:00","2018","02","10","01:00","-25.1","","-28.3","","75","","23","","28","","16.1","","93.78","","","","-39","","NA"
"2018-02-10 02:00","2018","02","10","02:00","-24.5","","-27.9","","74","","22","","24","","16.1","","93.65","","","","-37","","NA"
"2018-02-10 03:00","2018","02","10","03:00","-25.0","","-28.4","","74","","23","","24","","16.1","","93.58","","","","-38","","NA"
"2018-02-10 04:00","2018","02","10","04:00","-23.4","","-27.0","","73","","21","","30","","16.1","","93.41","","","","-37","","NA"
"2018-02-10 05:00","2018","02","10","05:00","-23.0","","-26.7","","73","","22","","26","","16.1","","93.33","","","","-36","","NA"
"2018-02-10 06:00","2018","02","10","06:00","-22.3","","-26.1","","72","","22","","21","","16.1","","93.33","","","","-34","","NA"
"2018-02-10 07:00","2018","02","10","07:00","-21.1","","-24.9","","72","","22","","26","","16.1","","93.27","","","","-33","","NA"
"2018-02-10 08:00","2018","02","10","08:00","-20.3","","-24.1","","72","","23","","30","","16.1","","93.26","","","","-33","","NA"
"2018-02-10 09:00","2018","02","10","09:00","-18.7","","-22.9","","70","","23","","26","","16.1","","93.25","","","","-30","","NA"
"2018-02-10 10:00","2018","02","10","10:00","-16.8","","-21.6","","67","","21","","24","","16.1","","93.21","","","","-27","","NA"
"2018-02-10 11:00","2018","02","10","11:00","-14.3","","-18.6","","70","","22","","22","","16.1","","93.30","","","","-24","","NA"
"2018-02-10 12:00","2018","02","10","12:00","-11.8","","-17.1","","65","","20","","13","","16.1","","93.28","","","","-18","","NA"
"2018-02-10 13:00","2018","02","10","13:00","-9.3","","-15.5","","61","","26","","18","","16.1","","93.23","","","","-17","","NA"
"2018-02-10 14:00","2018","02","10","14:00","-10.4","","-15.5","","66","","21","","17","","16.1","","93.21","","","","-18","","NA"
"2018-02-10 15:00","2018","02","10","15:00","-9.4","","-14.1","","69","","21","","24","","16.1","","93.20","","","","-18","","NA"
"2018-02-10 16:00","2018","02","10","16:00","-10.3","","-15.0","","69","","22","","18","","16.1","","93.12","","","","-18","","NA"
"2018-02-10 17:00","2018","02","10","17:00","-12.5","","-16.2","","74","","21","","17","","16.1","","93.10","","","","-20","","NA"
"2018-02-10 18:00","2018","02","10","18:00","-10.8","","-14.6","","74","","19","","9","","16.1","","93.04","","","","-16","","NA"
"2018-02-10 19:00","2018","02","10","19:00","-8.8","","-13.4","","70","","21","","17","","16.1","","93.01","","","","-16","","NA"
"2018-02-10 20:00","2018","02","10","20:00","-8.5","","-13.6","","67","","21","","15","","16.1","","92.94","","","","-15","","NA"
"2018-02-10 21:00","2018","02","10","21:00","-9.5","","-13.7","","72","","22","","21","","16.1","","92.88","","","","-17","","NA"
"2018-02-10 22:00","2018","02","10","22:00","-11.6","","-15.7","","72","","23","","18","","16.1","","92.85","","","","-19","","NA"
"2018-02-10 23:00","2018","02","10","23:00","-9.8","","-15.2","","65","","27","","15","","16.1","","92.89","","","","-16","","NA"
"2018-02-11 00:00","2018","02","11","00:00","-10.6","","-14.1","","76","","22","","5","","8.1","","92.86","","","","-14","","Snow"
"2018-02-11 01:00","2018","02","11","01:00","-11.3","","-13.1","","87","","24","","5","","6.4","","92.93","","","","-14","","Snow"
"2018-02-11 02:00","2018","02","11","02:00","-11.4","","-12.9","","89","","36","","4","","3.2","","93.00","","","","-14","","Snow"
"2018-02-11 03:00","2018","02","11","03:00","-9.9","","-11.1","","91","","1","","15","","2.8","","93.11","","","","-17","","Snow"
"2018-02-11 04:00","2018","02","11","04:00","-9.9","","-11.4","","89","","2","","22","","2.8","","93.22","","","","-18","","Snow"
"2018-02-11 05:00","2018","02","11","05:00","-10.7","","-12.5","","87","","2","","21","","4.0","","93.38","","","","-19","","Snow"
"2018-02-11 06:00","2018","02","11","06:00","-12.2","","-14.2","","85","","3","","22","","2.8","","93.53","","","","-21","","Snow"
"2018-02-11 07:00","2018","02","11","07:00","-13.0","","-15.5","","82","","3","","17","","14.5","","93.65","","","","-21","","Snow"
"2018-02-11 08:00","2018","02","11","08:00","-13.4","","-15.7","","83","","2","","21","","9.7","","93.79","","","","-22","","Snow"
"2018-02-11 09:00","2018","02","11","09:00","-14.0","","-16.3","","83","","2","","26","","4.8","","93.96","","","","-24","","Snow"
"2018-02-11 10:00","2018","02","11","10:00","-15.9","","-19.2","","76","","3","","17","","16.1","","94.15","","","","-25","","NA"
"2018-02-11 11:00","2018","02","11","11:00","-16.4","","-19.9","","75","","2","","15","","16.1","","94.26","","","","-25","","NA"
"2018-02-11 12:00","2018","02","11","12:00","-17.8","","-21.7","","72","","1","","18","","16.1","","94.34","","","","-27","","NA"
"2018-02-11 13:00","2018","02","11","13:00","-18.4","","-22.3","","72","","35","","17","","16.1","","94.39","","","","-28","","NA"
"2018-02-11 14:00","2018","02","11","14:00","-19.0","","-22.8","","73","","35","","13","","16.1","","94.46","","","","-27","","NA"
"2018-02-11 15:00","2018","02","11","15:00","-19.7","","-23.5","","72","","36","","17","","16.1","","94.47","","","","-29","","NA"
"2018-02-11 16:00","2018","02","11","16:00","-20.4","","-23.9","","74","","32","","9","","16.1","","94.54","","","","-27","","NA"
"2018-02-11 17:00","2018","02","11","17:00","-21.4","","-24.3","","78","","35","","9","","6.4","","94.59","","","","-28","","Haze"
"2018-02-11 18:00","2018","02","11","18:00","-21.6","","-24.0","","81","","34","","5","","16.1","","94.63","","","","-26","","NA"
"2018-02-11 19:00","2018","02","11","19:00","-28.0","","-30.8","","77","","","","0","","12.9","","94.65","","","","","","Snow"
"2018-02-11 20:00","2018","02","11","20:00","-28.3","","-31.0","","78","","21","","4","","16.1","","94.73","","","","-33","","Snow"
"2018-02-11 21:00","2018","02","11","21:00","-32.0","","-35.3","","73","","21","","5","","16.1","","94.77","","","","-38","","NA"
"2018-02-11 22:00","2018","02","11","22:00","-32.9","","-36.4","","72","","24","","5","","16.1","","94.80","","","","-39","","NA"
"2018-02-11 23:00","2018","02","11","23:00","-32.8","","-36.1","","73","","23","","9","","16.1","","94.80","","","","-42","","NA"
"2018-02-12 00:00","2018","02","12","00:00","-33.6","","-37.3","","71","","20","","5","","6.4","","94.80","","","","-40","","Haze"
"2018-02-12 01:00","2018","02","12","01:00","-34.3","","-38.0","","70","","19","","8","","12.9","","94.78","","","","-43","","NA"
"2018-02-12 02:00","2018","02","12","02:00","-35.4","","-39.2","","69","","19","","11","","16.1","","94.76","","","","-46","","NA"
"2018-02-12 03:00","2018","02","12","03:00","-35.6","","-39.6","","68","","19","","13","","16.1","","94.70","","","","-47","","NA"
"2018-02-12 04:00","2018","02","12","04:00","-33.6","","-37.3","","70","","22","","13","","16.1","","94.64","","","","-45","","NA"
"2018-02-12 05:00","2018","02","12","05:00","-33.3","","-36.9","","71","","21","","15","","12.9","","94.54","","","","-45","","NA"
"2018-02-12 06:00","2018","02","12","06:00","-33.8","","-37.5","","70","","20","","9","","11.3","","94.47","","","","-43","","NA"
"2018-02-12 07:00","2018","02","12","07:00","-34.1","","-37.8","","70","","19","","8","","11.3","","94.43","","","","-43","","NA"
"2018-02-12 08:00","2018","02","12","08:00","-32.5","","-36.0","","72","","19","","8","","16.1","","94.34","","","","-41","","NA"
"2018-02-12 09:00","2018","02","12","09:00","-26.5","","-29.4","","77","","22","","15","","16.1","","94.27","","","","-37","","NA"
"2018-02-12 10:00","2018","02","12","10:00","-24.7","","-27.5","","78","","35","","5","","16.1","","94.19","","","","-30","","NA"
"2018-02-12 11:00","2018","02","12","11:00","-17.2","","-19.0","","86","","18","","26","","16.1","","94.02","","","","-28","","NA"
"2018-02-12 12:00","2018","02","12","12:00","-15.3","","-19.0","","74","","19","","34","","4.8","","93.89","","","","-27","","Snow"
"2018-02-12 13:00","2018","02","12","13:00","-14.5","","-18.3","","73","","19","","35","","4.8","","93.75","","","","-26","","Snow"
"2018-02-12 14:00","2018","02","12","14:00","-13.7","","-17.7","","72","","18","","35","","16.1","","93.63","","","","-25","","Snow"
"2018-02-12 15:00","2018","02","12","15:00","-12.3","","-17.0","","68","","18","","34","","16.1","","93.48","","","","-23","","NA"
"2018-02-12 16:00","2018","02","12","16:00","-13.5","","-17.7","","71","","19","","43","","4.0","","93.32","","","","-26","","Snow,Blowing Snow"
"2018-02-12 17:00","2018","02","12","17:00","-13.8","","-17.8","","72","","19","","32","","16.1","","93.20","","","","-25","","NA"
"2018-02-12 18:00","2018","02","12","18:00","-14.7","","-18.4","","74","","18","","37","","16.1","","93.11","","","","-27","","NA"
"2018-02-12 19:00","2018","02","12","19:00","-14.2","","-17.9","","74","","18","","35","","16.1","","92.99","","","","-26","","NA"
"2018-02-12 20:00","2018","02","12","20:00","-13.6","","-18.0","","70","","18","","21","","16.1","","92.91","","","","-23","","NA"
"2018-02-12 21:00","2018","02","12","21:00","-13.1","","-17.8","","68","","20","","28","","16.1","","92.77","","","","-23","","NA"
"2018-02-12 22:00","2018","02","12","22:00","-12.2","","-17.5","","65","","19","","34","","16.1","","92.63","","","","-23","","NA"
"2018-02-12 23:00","2018","02","12","23:00","-10.2","","-17.0","","58","","23","","15","","16.1","","92.60","","","","-17","","NA"
"2018-02-13 00:00","2018","02","13","00:00","-10.2","","-16.6","","60","","20","","39","","16.1","","92.49","","","","-21","","NA"
"2018-02-13 01:00","2018","02","13","01:00","-9.1","","-15.7","","59","","21","","35","","16.1","","92.48","","","","-19","","NA"
"2018-02-13 02:00","2018","02","13","02:00","-8.8","","-14.8","","62","","21","","34","","16.1","","92.43","","","","-18","","NA"
"2018-02-13 03:00","2018","02","13","03:00","-9.6","","-14.7","","67","","22","","39","","16.1","","92.39","","","","-20","","NA"
"2018-02-13 04:00","2018","02","13","04:00","-9.0","","-13.9","","68","","22","","28","","16.1","","92.38","","","","-18","","NA"
"2018-02-13 05:00","2018","02","13","05:00","-7.6","","-12.0","","71","","21","","34","","16.1","","92.37","","","","-17","","NA"
"2018-02-13 06:00","2018","02","13","06:00","-7.0","","-11.1","","73","","22","","39","","16.1","","92.33","","","","-17","","NA"
"2018-02-13 07:00","2018","02","13","07:00","-6.6","","-10.2","","76","","21","","30","","16.1","","92.33","","","","-15","","NA"
"2018-02-13 08:00","2018","02","13","08:00","-4.6","","-8.2","","76","","22","","39","","16.1","","92.29","","","","-13","","NA"
"2018-02-13 09:00","2018","02","13","09:00","-3.2","","-7.3","","74","","21","","35","","16.1","","92.28","","","","-11","","NA"
"2018-02-13 10:00","2018","02","13","10:00","-1.2","","-6.1","","70","","21","","30","","16.1","","92.35","","","","-8","","NA"
"2018-02-13 11:00","2018","02","13","11:00","0.7","","-4.0","","71","","21","","24","","16.1","","92.34","","","","","","NA"
"2018-02-13 12:00","2018","02","13","12:00","1.9","","-1.9","","76","","23","","32","","16.1","","92.30","","","","","","NA"
"2018-02-13 13:00","2018","02","13","13:00","2.7","","-1.9","","72","","20","","18","","16.1","","92.30","","","","","","NA"
"2018-02-13 14:00","2018","02","13","14:00","2.7","","-1.5","","74","","19","","26","","16.1","","92.22","","","","","","NA"
"2018-02-13 15:00","2018","02","13","15:00","3.0","","-1.4","","73","","20","","21","","16.1","","92.15","","","","","","NA"
"2018-02-13 16:00","2018","02","13","16:00","4.0","","-1.4","","68","","22","","26","","16.1","","92.06","","","","","","NA"
"2018-02-13 17:00","2018","02","13","17:00","3.5","","-0.9","","73","","20","","22","","16.1","","91.91","","","","","","NA"
"2018-02-13 18:00","2018","02","13","18:00","5.1","","-2.0","","60","","21","","35","","16.1","","91.78","","","","","","NA"
"2018-02-13 19:00","2018","02","13","19:00","4.3","","-2.4","","62","","20","","30","","16.1","","91.74","","","","","","NA"
"2018-02-13 20:00","2018","02","13","20:00","4.4","","-3.0","","59","","21","","32","","16.1","","91.70","","","","","","NA"
"2018-02-13 21:00","2018","02","13","21:00","4.0","","-3.3","","59","","21","","45","","16.1","","91.64","","","","","","NA"
"2018-02-13 22:00","2018","02","13","22:00","3.1","","-2.5","","67","","23","","37","","16.1","","91.62","","","","","","NA"
"2018-02-13 23:00","2018","02","13","23:00","2.7","","-2.3","","70","","22","","41","","16.1","","91.62","","","","","","NA"
"2018-02-14 00:00","2018","02","14","00:00","2.6","","-2.7","","68","","22","","35","","16.1","","91.63","","","","","","NA"
"2018-02-14 01:00","2018","02","14","01:00","2.2","","-2.8","","69","","22","","30","","16.1","","91.66","","","","","","NA"
"2018-02-14 02:00","2018","02","14","02:00","2.3","","-3.0","","68","","23","","34","","16.1","","91.67","","","","","","NA"
"2018-02-14 03:00","2018","02","14","03:00","2.5","","-3.8","","63","","26","","45","","16.1","","91.69","","","","","","NA"
"2018-02-14 04:00","2018","02","14","04:00","1.3","","-4.2","","67","","25","","37","","16.1","","91.71","","","","","","NA"
"2018-02-14 05:00","2018","02","14","05:00","1.6","","-3.8","","67","","25","","37","","16.1","","91.72","","","","","","NA"
"2018-02-14 06:00","2018","02","14","06:00","1.1","","-3.7","","71","","26","","32","","16.1","","91.76","","","","","","NA"
"2018-02-14 07:00","2018","02","14","07:00","0.6","","-3.5","","74","","1","","15","","16.1","","91.89","","","","","","NA"
"2018-02-14 08:00","2018","02","14","08:00","-0.7","","-4.0","","79","","21","","5","","16.1","","91.96","","","","-2","","NA"
"2018-02-14 09:00","2018","02","14","09:00","-0.6","","-4.0","","78","","","M","4","","16.1","","92.01","","","","-2","","NA"
"2018-02-14 10:00","2018","02","14","10:00","-1.1","","-2.2","","92","","1","","4","","1.6","","92.11","","","","-2","","Snow"
"2018-02-14 11:00","2018","02","14","11:00","-0.6","","-1.3","","95","","28","","8","","2.0","","92.20","","","","-3","","Snow"
"2018-02-14 12:00","2018","02","14","12:00","0.8","","-0.1","","94","","32","","22","","4.8","","92.28","","","","","","Snow"
"2018-02-14 13:00","2018","02","14","13:00","0.9","","-0.1","","93","","32","","21","","16.1","","92.32","","","","","","Rain"
"2018-02-14 14:00","2018","02","14","14:00","-0.4","","-2.0","","89","","32","","39","","16.1","","92.39","","","","-8","","Rain"
"2018-02-14 15:00","2018","02","14","15:00","-4.9","","-7.0","","85","","35","","46","","16.1","","92.60","","","","-14","","NA"
"2018-02-14 16:00","2018","02","14","16:00","-7.9","","-10.1","","85","","35","","43","","11.3","","92.87","","","","-18","","Snow"
"2018-02-14 17:00","2018","02","14","17:00","-9.0","","-11.4","","83","","1","","30","","16.1","","93.06","","","","-18","","Snow"
"2018-02-14 18:00","2018","02","14","18:00","-9.5","","-12.0","","82","","2","","26","","3.2","","93.20","","","","-18","","Snow"
"2018-02-14 19:00","2018","02","14","19:00","-10.3","","-11.9","","88","","1","","21","","2.4","","93.33","","","","-18","","Snow"
"2018-02-14 20:00","2018","02","14","20:00","-11.4","","-13.0","","88","","36","","30","","2.8","","93.42","","","","-21","","Snow"
"2018-02-14 21:00","2018","02","14","21:00","-12.1","","-14.1","","85","","1","","28","","4.8","","93.49","","","","-22","","Snow"
"2018-02-14 22:00","2018","02","14","22:00","-13.1","","-15.8","","81","","1","","21","","16.1","","93.61","","","","-22","","Snow"
"2018-02-14 23:00","2018","02","14","23:00","-14.2","","-16.9","","80","","35","","26","","16.1","","93.72","","","","-24","","NA"
"2018-02-15 00:00","2018","02","15","00:00","-15.2","","-18.5","","76","","1","","22","","16.1","","93.82","","","","-25","","NA"
"2018-02-15 01:00","2018","02","15","01:00","-15.3","","-19.0","","74","","1","","13","","16.1","","93.90","","","","-23","","NA"
"2018-02-15 02:00","2018","02","15","02:00","-15.5","","-19.4","","72","","36","","17","","16.1","","93.99","","","","-24","","NA"
"2018-02-15 03:00","2018","02","15","03:00","-15.8","","-19.8","","72","","36","","8","","16.1","","94.07","","","","-21","","NA"
"2018-02-15 04:00","2018","02","15","04:00","-16.1","","-20.4","","70","","32","","11","","16.1","","94.08","","","","-23","","NA"
"2018-02-15 05:00","2018","02","15","05:00","-16.3","","-19.3","","78","","27","","8","","16.1","","94.16","","","","-22","","NA"
"2018-02-15 06:00","2018","02","15","06:00","-16.4","","-19.4","","78","","29","","15","","16.1","","94.24","","","","-25","","NA"
"2018-02-15 07:00","2018","02","15","07:00","-17.1","","-20.2","","77","","23","","9","","16.1","","94.21","","","","-23","","NA"
"2018-02-15 08:00","2018","02","15","08:00","-18.7","","-21.5","","79","","23","","9","","16.1","","94.25","","","","-25","","NA"
"2018-02-15 09:00","2018","02","15","09:00","-17.4","","-20.5","","78","","20","","13","","16.1","","94.31","","","","-25","","NA"
"2018-02-15 10:00","2018","02","15","10:00","-16.5","","-19.6","","77","","21","","17","","16.1","","94.33","","","","-25","","NA"
"2018-02-15 11:00","2018","02","15","11:00","-15.5","","-18.8","","76","","21","","21","","16.1","","94.34","","","","-25","","NA"
"2018-02-15 12:00","2018","02","15","12:00","-15.1","","-18.5","","75","","22","","24","","16.1","","94.34","","","","-25","","NA"
"2018-02-15 13:00","2018","02","15","13:00","-13.9","","-17.7","","73","","21","","24","","16.1","","94.23","","","","-24","","NA"
"2018-02-15 14:00","2018","02","15","14:00","-13.3","","-17.3","","72","","20","","24","","16.1","","94.14","","","","-23","","NA"
"2018-02-15 15:00","2018","02","15","15:00","-12.8","","-17.2","","70","","20","","21","","16.1","","94.04","","","","-22","","NA"
"2018-02-15 16:00","2018","02","15","16:00","-13.2","","-17.4","","71","","20","","21","","16.1","","93.98","","","","-22","","NA"
"2018-02-15 17:00","2018","02","15","17:00","-13.5","","-17.7","","71","","19","","24","","16.1","","93.87","","","","-23","","NA"
"2018-02-15 18:00","2018","02","15","18:00","-14.1","","-18.5","","70","","21","","18","","16.1","","93.73","","","","-23","","NA"
"2018-02-15 19:00","2018","02","15","19:00","-13.3","","-17.9","","69","","20","","26","","16.1","","93.60","","","","-23","","NA"
"2018-02-15 20:00","2018","02","15","20:00","-12.6","","-17.3","","69","","20","","22","","16.1","","93.47","","","","-22","","NA"
"2018-02-15 21:00","2018","02","15","21:00","-10.9","","-16.1","","66","","20","","24","","16.1","","93.32","","","","-20","","NA"
"2018-02-15 22:00","2018","02","15","22:00","-10.4","","-15.4","","67","","21","","26","","16.1","","93.25","","","","-19","","NA"
"2018-02-15 23:00","2018","02","15","23:00","-12.6","","-16.0","","76","","23","","22","","16.1","","93.16","","","","-22","","NA"
"2018-02-16 00:00","2018","02","16","00:00","-9.4","","-13.9","","70","","20","","32","","16.1","","93.09","","","","-19","","NA"
"2018-02-16 01:00","2018","02","16","01:00","-9.7","","-13.9","","72","","23","","13","","16.1","","93.03","","","","-16","","NA"
"2018-02-16 02:00","2018","02","16","02:00","-8.9","","-12.7","","74","","22","","28","","16.1","","92.95","","","","-18","","NA"
"2018-02-16 03:00","2018","02","16","03:00","-9.5","","-12.3","","80","","22","","15","","16.1","","92.91","","","","-16","","NA"
"2018-02-16 04:00","2018","02","16","04:00","-4.5","","-8.6","","73","","26","","30","","16.1","","92.83","","","","-12","","NA"
"2018-02-16 05:00","2018","02","16","05:00","-3.3","","-8.2","","69","","27","","34","","16.1","","92.78","","","","-11","","NA"
"2018-02-16 06:00","2018","02","16","06:00","-3.8","","-8.0","","73","","29","","26","","16.1","","92.76","","","","-11","","NA"
"2018-02-16 07:00","2018","02","16","07:00","-4.8","","-8.4","","76","","27","","15","","16.1","","92.70","","","","-10","","NA"
"2018-02-16 08:00","2018","02","16","08:00","-5.2","","-9.0","","75","","26","","18","","16.1","","92.68","","","","-11","","NA"
"2018-02-16 09:00","2018","02","16","09:00","-5.4","","-9.5","","73","","21","","13","","16.1","","92.64","","","","-11","","NA"
"2018-02-16 10:00","2018","02","16","10:00","-6.1","","-9.3","","78","","22","","15","","16.1","","92.63","","","","-12","","NA"
"2018-02-16 11:00","2018","02","16","11:00","-3.4","","-8.3","","69","","24","","4","","16.1","","92.61","","","","-5","","NA"
"2018-02-16 12:00","2018","02","16","12:00","-2.2","","-7.8","","66","","25","","15","","16.1","","92.57","","","","-7","","NA"
"2018-02-16 13:00","2018","02","16","13:00","-2.4","","-7.5","","68","","27","","15","","16.1","","92.48","","","","-7","","NA"
"2018-02-16 14:00","2018","02","16","14:00","-2.4","","-8.3","","64","","23","","9","","16.1","","92.43","","","","-6","","NA"
"2018-02-16 15:00","2018","02","16","15:00","-1.5","","-9.5","","55","","32","","17","","16.1","","92.47","","","","-7","","NA"
"2018-02-16 16:00","2018","02","16","16:00","-3.8","","-9.8","","63","","33","","18","","16.1","","92.52","","","","-10","","NA"
"2018-02-16 17:00","2018","02","16","17:00","-5.4","","-9.5","","73","","34","","9","","16.1","","92.61","","","","-9","","NA"
"2018-02-16 18:00","2018","02","16","18:00","-6.0","","-10.3","","72","","33","","9","","16.1","","92.72","","","","-10","","NA"
"2018-02-16 19:00","2018","02","16","19:00","-5.9","","-10.7","","69","","34","","9","","16.1","","92.85","","","","-10","","NA"
"2018-02-16 20:00","2018","02","16","20:00","-7.0","","-11.1","","73","","33","","11","","16.1","","92.93","","","","-12","","NA"
"2018-02-16 21:00","2018","02","16","21:00","-8.3","","-11.7","","77","","29","","13","","16.1","","93.03","","","","-14","","NA"
"2018-02-16 22:00","2018","02","16","22:00","-7.5","","-10.9","","77","","32","","18","","16.1","","93.16","","","","-14","","Snow"
"2018-02-16 23:00","2018","02","16","23:00","-9.4","","-12.1","","81","","33","","11","","16.1","","93.23","","","","-15","","NA"
"2018-02-17 00:00","2018","02","17","00:00","-11.5","","-13.4","","86","","27","","8","","16.1","","93.27","","","","-16","","NA"
"2018-02-17 01:00","2018","02","17","01:00","-13.7","","-15.4","","87","","26","","11","","16.1","","93.28","","","","-20","","NA"
"2018-02-17 02:00","2018","02","17","02:00","-13.4","","-15.9","","82","","26","","11","","16.1","","93.31","","","","-20","","NA"
"2018-02-17 03:00","2018","02","17","03:00","-13.9","","-16.1","","84","","27","","9","","16.1","","93.34","","","","-20","","NA"
"2018-02-17 04:00","2018","02","17","04:00","-14.0","","-16.2","","84","","28","","13","","16.1","","93.34","","","","-21","","NA"
"2018-02-17 05:00","2018","02","17","05:00","-12.9","","-16.9","","72","","32","","15","","16.1","","93.35","","","","-20","","NA"
"2018-02-17 06:00","2018","02","17","06:00","-15.9","","-18.4","","81","","16","","8","","16.1","","93.32","","","","-21","","NA"
"2018-02-17 07:00","2018","02","17","07:00","-16.8","","-19.2","","82","","21","","4","","16.1","","93.30","","","","-20","","NA"
"2018-02-17 08:00","2018","02","17","08:00","-16.9","","-19.1","","83","","20","","4","","16.1","","93.30","","","","-20","","NA"
"2018-02-17 09:00","2018","02","17","09:00","-16.0","","-18.4","","82","","","","0","","16.1","","93.26","","","","","","NA"
"2018-02-17 10:00","2018","02","17","10:00","-14.4","","-17.2","","79","","4","","4","","16.1","","93.25","","","","-17","","NA"
"2018-02-17 11:00","2018","02","17","11:00","-12.2","","-15.5","","77","","6","","8","","16.1","","93.17","","","","-17","","NA"
"2018-02-17 12:00","2018","02","17","12:00","-10.8","","-16.2","","65","","7","","9","","16.1","","93.05","","","","-16","","NA"
"2018-02-17 13:00","2018","02","17","13:00","-10.9","","-16.7","","63","","8","","13","","16.1","","92.96","","","","-17","","NA"
"2018-02-17 14:00","2018","02","17","14:00","-10.5","","-17.5","","57","","8","","17","","16.1","","92.87","","","","-18","","NA"
"2018-02-17 15:00","2018","02","17","15:00","-10.5","","-17.9","","55","","6","","17","","16.1","","92.78","","","","-18","","NA"
"2018-02-17 16:00","2018","02","17","16:00","-10.8","","-17.6","","58","","7","","15","","16.1","","92.70","","","","-18","","NA"
"2018-02-17 17:00","2018","02","17","17:00","-11.1","","-17.3","","61","","6","","18","","16.1","","92.63","","","","-19","","Snow"
"2018-02-17 18:00","2018","02","17","18:00","-11.4","","-17.2","","63","","6","","15","","16.1","","92.60","","","","-18","","NA"
"2018-02-17 19:00","2018","02","17","19:00","-11.6","","-17.2","","64","","5","","13","","16.1","","92.64","","","","-18","","Snow"
"2018-02-17 20:00","2018","02","17","20:00","-12.4","","-14.4","","85","","3","","9","","2.8","","92.64","","","","-18","","Snow"
"2018-02-17 21:00","2018","02","17","21:00","-12.7","","-14.4","","87","","1","","17","","2.0","","92.64","","","","-21","","Snow"
"2018-02-17 22:00","2018","02","17","22:00","-13.0","","-14.7","","87","","1","","18","","2.8","","92.66","","","","-21","","Snow"
"2018-02-17 23:00","2018","02","17","23:00","-13.3","","-15.2","","86","","36","","18","","3.2","","92.73","","","","-22","","Snow"
"2018-02-18 00:00","2018","02","18","00:00","-13.5","","-15.4","","86","","36","","15","","2.8","","92.82","","","","-21","","Snow"
"2018-02-18 01:00","2018","02","18","01:00","-13.8","","-15.8","","85","","36","","17","","3.2","","92.90","","","","-22","","Snow"
"2018-02-18 02:00","2018","02","18","02:00","-14.1","","-16.0","","86","","36","","15","","2.8","","92.97","","","","-22","","Snow"
"2018-02-18 03:00","2018","02","18","03:00","-14.2","","-16.2","","85","","36","","11","","4.8","","93.00","","","","-21","","Snow"
"2018-02-18 04:00","2018","02","18","04:00","-14.2","","-16.1","","86","","32","","13","","6.4","","93.00","","","","-21","","Snow"
"2018-02-18 05:00","2018","02","18","05:00","-14.9","","-16.9","","85","","34","","11","","9.7","","93.09","","","","-21","","Snow"
"2018-02-18 06:00","2018","02","18","06:00","-15.1","","-17.4","","83","","34","","13","","8.1","","93.16","","","","-22","","Snow"
"2018-02-18 07:00","2018","02","18","07:00","-15.5","","-17.8","","83","","33","","18","","6.4","","93.19","","","","-24","","Snow"
"2018-02-18 08:00","2018","02","18","08:00","-15.8","","-18.1","","83","","34","","15","","4.8","","93.28","","","","-24","","Snow"
"2018-02-18 09:00","2018","02","18","09:00","-16.3","","-18.8","","81","","34","","13","","16.1","","93.36","","","","-24","","NA"
"2018-02-18 10:00","2018","02","18","10:00","-16.1","","-19.0","","79","","33","","17","","16.1","","93.41","","","","-25","","NA"
"2018-02-18 11:00","2018","02","18","11:00","-15.6","","-18.9","","76","","33","","22","","16.1","","93.44","","","","-25","","NA"
"2018-02-18 12:00","2018","02","18","12:00","-15.1","","-18.9","","73","","32","","21","","16.1","","93.49","","","","-25","","NA"
"2018-02-18 13:00","2018","02","18","13:00","-14.9","","-18.7","","73","","32","","18","","16.1","","93.49","","","","-24","","NA"
"2018-02-18 14:00","2018","02","18","14:00","-14.8","","-18.4","","75","","31","","17","","16.1","","93.49","","","","-23","","NA"
"2018-02-18 15:00","2018","02","18","15:00","-15.0","","-18.9","","73","","29","","21","","16.1","","93.51","","","","-24","","NA"
"2018-02-18 16:00","2018","02","18","16:00","-15.6","","-19.1","","75","","29","","17","","16.1","","93.57","","","","-24","","NA"
"2018-02-18 17:00","2018","02","18","17:00","-16.4","","-19.7","","76","","30","","13","","16.1","","93.61","","","","-24","","NA"
"2018-02-18 18:00","2018","02","18","18:00","-19.5","","-21.9","","82","","27","","8","","16.1","","93.62","","","","-26","","NA"
"2018-02-18 19:00","2018","02","18","19:00","-19.6","","-21.9","","82","","21","","5","","16.1","","93.70","","","","-24","","NA"
"2018-02-18 20:00","2018","02","18","20:00","-20.1","","-22.0","","85","","20","","5","","16.1","","93.70","","","","-24","","NA"
"2018-02-18 21:00","2018","02","18","21:00","-22.1","","-24.0","","85","","20","","5","","16.1","","93.72","","","","-27","","NA"
"2018-02-18 22:00","2018","02","18","22:00","-24.9","","-27.3","","81","","22","","9","","16.1","","93.74","","","","-33","","Snow"
"2018-02-18 23:00","2018","02","18","23:00","-24.1","","-26.4","","82","","22","","8","","16.1","","93.78","","","","-31","","NA"
"2018-02-19 00:00","2018","02","19","00:00","-24.0","","-26.3","","82","","20","","5","","16.1","","93.79","","","","-29","","NA"
"2018-02-19 01:00","2018","02","19","01:00","-25.0","","-27.5","","80","","22","","9","","16.1","","93.78","","","","-33","","NA"
"2018-02-19 02:00","2018","02","19","02:00","-25.2","","-27.7","","80","","22","","11","","16.1","","93.73","","","","-34","","NA"
"2018-02-19 03:00","2018","02","19","03:00","-24.6","","-27.0","","81","","21","","9","","4.8","","93.74","","","","-32","","Fog"
"2018-02-19 04:00","2018","02","19","04:00","-24.3","","-26.8","","80","","22","","13","","11.3","","93.73","","","","-34","","NA"
"2018-02-19 05:00","2018","02","19","05:00","-22.8","","-25.1","","82","","21","","17","","16.1","","93.76","","","","-33","","NA"
"2018-02-19 06:00","2018","02","19","06:00","-23.6","","-26.1","","80","","22","","18","","16.1","","93.75","","","","-34","","Snow"
"2018-02-19 07:00","2018","02","19","07:00","-24.2","","-26.7","","80","","21","","21","","16.1","","93.72","","","","-36","","NA"
"2018-02-19 08:00","2018","02","19","08:00","-24.2","","-26.7","","80","","22","","22","","16.1","","93.69","","","","-36","","Snow"
"2018-02-19 09:00","2018","02","19","09:00","-23.1","","-25.5","","81","","23","","13","","14.5","","93.72","","","","-32","","NA"
"2018-02-19 10:00","2018","02","19","10:00","-21.4","","-23.8","","81","","24","","15","","16.1","","93.68","","","","-31","","NA"
"2018-02-19 11:00","2018","02","19","11:00","-21.1","","-23.5","","81","","22","","22","","16.1","","93.65","","","","-32","","NA"
"2018-02-19 12:00","2018","02","19","12:00","-19.7","","-22.0","","82","","24","","22","","16.1","","93.64","","","","-31","","NA"
"2018-02-19 13:00","2018","02","19","13:00","-18.2","","-21.3","","77","","21","","18","","16.1","","93.59","","","","-28","","NA"
"2018-02-19 14:00","2018","02","19","14:00","-16.7","","-20.6","","72","","21","","21","","16.1","","93.53","","","","-27","","NA"
"2018-02-19 15:00","2018","02","19","15:00","-16.4","","-20.3","","72","","20","","21","","16.1","","93.49","","","","-26","","NA"
"2018-02-19 16:00","2018","02","19","16:00","-16.8","","-20.8","","71","","21","","22","","16.1","","93.47","","","","-27","","NA"
"2018-02-19 17:00","2018","02","19","17:00","-18.4","","-21.8","","75","","23","","15","","16.1","","93.49","","","","-27","","NA"
"2018-02-19 18:00","2018","02","19","18:00","-19.7","","-22.8","","77","","21","","18","","16.1","","93.48","","","","-30","","NA"
"2018-02-19 19:00","2018","02","19","19:00","-20.9","","-23.8","","78","","22","","18","","16.1","","93.48","","","","-31","","NA"
"2018-02-19 20:00","2018","02","19","20:00","-22.5","","-25.2","","79","","23","","13","","16.1","","93.48","","","","-31","","NA"
"2018-02-19 21:00","2018","02","19","21:00","-23.8","","-26.5","","79","","24","","13","","16.1","","93.48","","","","-33","","NA"
"2018-02-19 22:00","2018","02","19","22:00","-23.9","","-26.6","","79","","23","","11","","16.1","","93.48","","","","-32","","NA"
"2018-02-19 23:00","2018","02","19","23:00","-23.6","","-26.3","","79","","22","","18","","16.1","","93.46","","","","-34","","NA"
"2018-02-20 00:00","2018","02","20","00:00","-23.9","","-26.9","","77","","23","","17","","16.1","","93.43","","","","-35","","NA"
"2018-02-20 01:00","2018","02","20","01:00","-23.3","","-26.4","","76","","22","","22","","16.1","","93.41","","","","-35","","NA"
"2018-02-20 02:00","2018","02","20","02:00","-23.5","","-26.9","","74","","23","","17","","16.1","","93.41","","","","-34","","NA"
"2018-02-20 03:00","2018","02","20","03:00","-23.3","","-26.6","","75","","22","","22","","16.1","","93.40","","","","-35","","NA"
"2018-02-20 04:00","2018","02","20","04:00","-23.6","","-26.9","","75","","23","","21","","16.1","","93.39","","","","-35","","NA"
"2018-02-20 05:00","2018","02","20","05:00","-24.2","","-27.8","","73","","21","","18","","16.1","","93.40","","","","-35","","NA"
"2018-02-20 06:00","2018","02","20","06:00","-24.0","","-28.0","","70","","22","","24","","16.1","","93.40","","","","-37","","NA"
"2018-02-20 07:00","2018","02","20","07:00","-23.2","","-27.1","","71","","21","","22","","16.1","","93.37","","","","-35","","NA"
"2018-02-20 08:00","2018","02","20","08:00","-22.6","","-27.0","","68","","23","","21","","16.1","","93.39","","","","-34","","NA"
"2018-02-20 09:00","2018","02","20","09:00","-21.8","","-26.4","","67","","22","","28","","16.1","","93.39","","","","-35","","NA"
"2018-02-20 10:00","2018","02","20","10:00","-20.4","","-25.2","","66","","22","","24","","16.1","","93.42","","","","-32","","NA"
"2018-02-20 11:00","2018","02","20","11:00","-18.9","","-24.0","","65","","22","","22","","16.1","","93.47","","","","-30","","NA"
"2018-02-20 12:00","2018","02","20","12:00","-17.3","","-22.4","","65","","22","","22","","16.1","","93.49","","","","-28","","NA"
"2018-02-20 13:00","2018","02","20","13:00","-16.7","","-21.3","","68","","23","","21","","16.1","","93.50","","","","-27","","NA"
"2018-02-20 14:00","2018","02","20","14:00","-15.3","","-20.1","","67","","21","","15","","16.1","","93.53","","","","-23","","NA"
"2018-02-20 15:00","2018","02","20","15:00","-14.1","","-19.0","","67","","22","","24","","16.1","","93.55","","","","-24","","NA"
"2018-02-20 16:00","2018","02","20","16:00","-14.3","","-18.6","","70","","22","","18","","16.1","","93.58","","","","-23","","NA"
"2018-02-20 17:00","2018","02","20","17:00","-15.7","","-19.3","","74","","22","","17","","16.1","","93.62","","","","-24","","NA"
"2018-02-20 18:00","2018","02","20","18:00","-17.9","","-20.8","","78","","24","","13","","16.1","","93.68","","","","-26","","NA"
"2018-02-20 19:00","2018","02","20","19:00","-19.4","","-21.7","","82","","22","","11","","16.1","","93.73","","","","-27","","NA"
"2018-02-20 20:00","2018","02","20","20:00","-20.2","","-22.5","","82","","23","","9","","16.1","","93.76","","","","-27","","NA"
"2018-02-20 21:00","2018","02","20","21:00","-21.4","","-23.8","","81","","19","","9","","16.1","","93.81","","","","-28","","NA"
"2018-02-20 22:00","2018","02","20","22:00","-22.3","","-24.7","","81","","23","","8","","16.1","","93.84","","","","-29","","NA"
"2018-02-20 23:00","2018","02","20","23:00","-21.8","","-24.4","","80","","23","","9","","16.1","","93.85","","","","-29","","NA"
"2018-02-21 00:00","2018","02","21","00:00","-21.9","","-24.4","","81","","20","","8","","16.1","","93.86","","","","-28","","NA"
"2018-02-21 01:00","2018","02","21","01:00","-22.2","","-24.6","","81","","21","","5","","16.1","","93.83","","","","-27","","NA"
"2018-02-21 02:00","2018","02","21","02:00","-23.1","","-25.5","","81","","21","","5","","16.1","","93.80","","","","-28","","NA"
"2018-02-21 03:00","2018","02","21","03:00","-24.1","","-26.5","","81","","20","","9","","16.1","","93.78","","","","-32","","NA"
"2018-02-21 04:00","2018","02","21","04:00","-22.9","","-25.3","","81","","20","","18","","16.1","","93.73","","","","-34","","NA"
"2018-02-21 05:00","2018","02","21","05:00","-23.2","","-25.9","","79","","24","","17","","16.1","","93.69","","","","-34","","NA"
"2018-02-21 06:00","2018","02","21","06:00","-22.0","","-24.7","","79","","21","","15","","16.1","","93.63","","","","-32","","NA"
"2018-02-21 07:00","2018","02","21","07:00","-23.3","","-26.0","","79","","24","","13","","16.1","","93.59","","","","-32","","NA"
"2018-02-21 08:00","2018","02","21","08:00","-21.3","","-24.2","","78","","24","","17","","16.1","","93.56","","","","-31","","NA"
"2018-02-21 09:00","2018","02","21","09:00","-20.1","","-23.3","","76","","26","","13","","16.1","","93.54","","","","-29","","NA"
"2018-02-21 10:00","2018","02","21","10:00","-17.0","","-21.1","","71","","22","","21","","16.1","","93.51","","","","-27","","NA"
"2018-02-21 11:00","2018","02","21","11:00","-15.1","","-19.6","","69","","22","","13","","16.1","","93.47","","","","-22","","NA"
"2018-02-21 12:00","2018","02","21","12:00","-10.5","","-17.5","","57","","19","","21","","16.1","","93.44","","","","-19","","NA"
"2018-02-21 13:00","2018","02","21","13:00","-9.7","","-17.6","","53","","19","","22","","16.1","","93.35","","","","-18","","NA"
"2018-02-21 14:00","2018","02","21","14:00","-9.4","","-16.8","","56","","19","","24","","16.1","","93.30","","","","-18","","NA"
"2018-02-21 15:00","2018","02","21","15:00","-9.2","","-17.0","","54","","17","","26","","16.1","","93.27","","","","-18","","NA"
"2018-02-21 16:00","2018","02","21","16:00","-9.9","","-16.7","","58","","17","","13","","16.1","","93.27","","","","-16","","NA"
"2018-02-21 17:00","2018","02","21","17:00","-11.2","","-17.5","","60","","19","","15","","16.1","","93.25","","","","-18","","NA"
"2018-02-21 18:00","2018","02","21","18:00","-13.9","","-18.7","","67","","21","","9","","16.1","","93.26","","","","-20","","NA"
"2018-02-21 19:00","2018","02","21","19:00","-15.7","","-19.9","","71","","22","","21","","16.1","","93.27","","","","-25","","NA"
"2018-02-21 20:00","2018","02","21","20:00","-16.9","","-20.8","","72","","22","","24","","16.1","","93.29","","","","-27","","NA"
"2018-02-21 21:00","2018","02","21","21:00","-17.4","","-21.2","","73","","22","","17","","16.1","","93.34","","","","-26","","NA"
"2018-02-21 22:00","2018","02","21","22:00","-17.7","","-21.6","","72","","23","","18","","16.1","","93.40","","","","-27","","NA"
"2018-02-21 23:00","2018","02","21","23:00","-18.6","","-22.3","","73","","23","","21","","16.1","","93.45","","","","-29","","NA"
"2018-02-22 00:00","2018","02","22","00:00","-19.0","","-22.9","","72","","24","","21","","16.1","","93.53","","","","-29","","NA"
"2018-02-22 01:00","2018","02","22","01:00","-19.2","","-23.2","","71","","23","","22","","16.1","","93.60","","","","-30","","NA"
"2018-02-22 02:00","2018","02","22","02:00","-19.9","","-23.7","","72","","24","","18","","16.1","","93.67","","","","-30","","NA"
"2018-02-22 03:00","2018","02","22","03:00","-20.0","","-23.6","","74","","23","","18","","16.1","","93.70","","","","-30","","NA"
"2018-02-22 04:00","2018","02","22","04:00","-20.7","","-24.0","","75","","23","","13","","16.1","","93.71","","","","-29","","NA"
"2018-02-22 05:00","2018","02","22","05:00","-19.6","","-23.5","","72","","22","","21","","16.1","","93.74","","","","-30","","NA"
"2018-02-22 06:00","2018","02","22","06:00","-19.5","","-23.0","","74","","21","","17","","16.1","","93.80","","","","-29","","NA"
"2018-02-22 07:00","2018","02","22","07:00","-20.0","","-23.4","","75","","22","","21","","16.1","","93.85","","","","-31","","NA"
"2018-02-22 08:00","2018","02","22","08:00","-20.0","","-23.5","","74","","23","","17","","16.1","","93.93","","","","-30","","NA"
"2018-02-22 09:00","2018","02","22","09:00","-18.3","","-21.9","","74","","20","","15","","16.1","","93.98","","","","-27","","Snow"
"2018-02-22 10:00","2018","02","22","10:00","-16.6","","-20.5","","72","","21","","21","","16.1","","94.02","","","","-26","","NA"
"2018-02-22 11:00","2018","02","22","11:00","-15.1","","-19.2","","71","","21","","21","","16.1","","94.06","","","","-25","","NA"
"2018-02-22 12:00","2018","02","22","12:00","-14.2","","-18.1","","73","","22","","22","","16.1","","94.08","","","","-24","","NA"
"2018-02-22 13:00","2018","02","22","13:00","-13.0","","-16.6","","75","","22","","21","","16.1","","94.06","","","","-22","","Snow"
"2018-02-22 14:00","2018","02","22","14:00","-12.0","","-15.4","","76","","22","","17","","16.1","","94.03","","","","-20","","Snow"
"2018-02-22 15:00","2018","02","22","15:00","-11.1","","-14.4","","77","","21","","13","","16.1","","94.03","","","","-18","","Snow"
"2018-02-22 16:00","2018","02","22","16:00","-10.9","","-13.9","","79","","21","","17","","16.1","","94.02","","","","-18","","Snow"
"2018-02-22 17:00","2018","02","22","17:00","-10.9","","-13.6","","81","","22","","15","","16.1","","94.01","","","","-18","","Snow"
"2018-02-22 18:00","2018","02","22","18:00","-12.2","","-14.2","","85","","23","","9","","16.1","","94.01","","","","-17","","NA"
"2018-02-22 19:00","2018","02","22","19:00","-12.9","","-14.6","","88","","22","","8","","16.1","","94.01","","","","-18","","NA"
"2018-02-22 20:00","2018","02","22","20:00","-15.1","","-17.1","","85","","22","","17","","16.1","","93.99","","","","-24","","NA"
"2018-02-22 21:00","2018","02","22","21:00","-15.8","","-18.2","","82","","22","","17","","16.1","","93.97","","","","-24","","NA"
"2018-02-22 22:00","2018","02","22","22:00","-16.4","","-18.5","","84","","23","","8","","16.1","","93.96","","","","-22","","NA"
"2018-02-22 23:00","2018","02","22","23:00","-16.7","","-18.9","","83","","23","","11","","16.1","","93.93","","","","-24","","NA"
"2018-02-23 00:00","2018","02","23","00:00","-17.6","","-19.6","","85","","21","","11","","16.1","","93.90","","","","-25","","NA"
"2018-02-23 01:00","2018","02","23","01:00","-18.4","","-20.1","","87","","23","","5","","16.1","","93.85","","","","-22","","NA"
"2018-02-23 02:00","2018","02","23","02:00","-18.8","","-20.6","","86","","19","","5","","16.1","","93.75","","","","-23","","NA"
"2018-02-23 03:00","2018","02","23","03:00","-20.1","","-21.9","","86","","21","","5","","16.1","","93.65","","","","-24","","NA"
"2018-02-23 04:00","2018","02","23","04:00","-19.8","","-21.7","","85","","15","","5","","16.1","","93.59","","","","-24","","NA"
"2018-02-23 05:00","2018","02","23","05:00","-20.3","","-22.3","","84","","18","","4","","16.1","","93.51","","","","-24","","NA"
"2018-02-23 06:00","2018","02","23","06:00","-21.1","","-23.1","","84","","20","","9","","16.1","","93.38","","","","-28","","NA"
"2018-02-23 07:00","2018","02","23","07:00","-19.6","","-21.7","","84","","17","","4","","16.1","","93.26","","","","-23","","NA"
"2018-02-23 08:00","2018","02","23","08:00","-20.6","","-22.7","","84","","21","","8","","16.1","","93.18","","","","-27","","NA"
"2018-02-23 09:00","2018","02","23","09:00","-13.2","","-15.1","","86","","19","","18","","16.1","","93.09","","","","-21","","NA"
"2018-02-23 10:00","2018","02","23","10:00","-9.5","","-15.7","","61","","19","","24","","16.1","","92.97","","","","-18","","NA"
"2018-02-23 11:00","2018","02","23","11:00","-8.0","","-15.2","","57","","19","","32","","16.1","","92.87","","","","-17","","NA"
"2018-02-23 12:00","2018","02","23","12:00","-7.5","","-13.8","","61","","20","","28","","16.1","","92.80","","","","-16","","NA"
"2018-02-23 13:00","2018","02","23","13:00","-6.7","","-13.0","","61","","20","","32","","16.1","","92.63","","","","-15","","NA"
"2018-02-23 14:00","2018","02","23","14:00","-6.4","","-11.9","","65","","20","","37","","16.1","","92.50","","","","-16","","NA"
"2018-02-23 15:00","2018","02","23","15:00","-5.6","","-11.0","","66","","20","","37","","16.1","","92.40","","","","-15","","NA"
"2018-02-23 16:00","2018","02","23","16:00","-5.5","","-11.1","","65","","20","","34","","16.1","","92.35","","","","-14","","NA"
"2018-02-23 17:00","2018","02","23","17:00","-6.2","","-11.0","","69","","20","","39","","16.1","","92.31","","","","-16","","NA"
"2018-02-23 18:00","2018","02","23","18:00","-6.4","","-11.0","","70","","20","","34","","16.1","","92.27","","","","-15","","NA"
"2018-02-23 19:00","2018","02","23","19:00","-6.8","","-11.0","","72","","21","","35","","16.1","","92.26","","","","-16","","NA"
"2018-02-23 20:00","2018","02","23","20:00","-7.9","","-11.4","","76","","21","","24","","16.1","","92.25","","","","-16","","NA"
"2018-02-23 21:00","2018","02","23","21:00","-7.8","","-11.4","","75","","20","","21","","16.1","","92.26","","","","-15","","NA"
"2018-02-23 22:00","2018","02","23","22:00","-8.1","","-11.7","","75","","20","","22","","16.1","","92.27","","","","-16","","NA"
"2018-02-23 23:00","2018","02","23","23:00","-6.7","","-10.9","","72","","22","","30","","16.1","","92.24","","","","-15","","NA"
"2018-02-24 00:00","2018","02","24","00:00","-6.3","","-10.4","","73","","20","","24","","16.1","","92.21","","","","-14","","NA"
"2018-02-24 01:00","2018","02","24","01:00","-6.4","","-10.1","","75","","18","","17","","16.1","","92.20","","","","-13","","NA"
"2018-02-24 02:00","2018","02","24","02:00","-5.4","","-10.1","","70","","27","","35","","16.1","","92.17","","","","-14","","NA"
"2018-02-24 03:00","2018","02","24","03:00","-5.9","","-9.8","","74","","18","","17","","16.1","","92.15","","","","-12","","NA"
"2018-02-24 04:00","2018","02","24","04:00","-6.2","","-7.6","","90","","26","","26","","4.8","","92.11","","","","-14","","Snow"
"2018-02-24 05:00","2018","02","24","05:00","-6.0","","-7.2","","91","","25","","32","","2.0","","92.09","","","","-15","","Snow"
"2018-02-24 06:00","2018","02","24","06:00","-6.2","","-7.6","","90","","25","","30","","4.8","","92.09","","","","-15","","Snow"
"2018-02-24 07:00","2018","02","24","07:00","-5.6","","-8.7","","79","","24","","24","","16.1","","92.07","","","","-13","","Snow"
"2018-02-24 08:00","2018","02","24","08:00","-6.0","","-9.1","","79","","25","","17","","11.3","","92.11","","","","-12","","Snow"
"2018-02-24 09:00","2018","02","24","09:00","-6.3","","-8.1","","87","","27","","21","","3.2","","92.12","","","","-13","","Snow"
"2018-02-24 10:00","2018","02","24","10:00","-6.0","","-7.4","","90","","27","","18","","3.2","","92.15","","","","-12","","Snow"
"2018-02-24 11:00","2018","02","24","11:00","-4.6","","-6.1","","89","","27","","21","","4.8","","92.13","","","","-11","","Snow"
"2018-02-24 12:00","2018","02","24","12:00","-3.9","","-7.2","","78","","25","","22","","16.1","","92.14","","","","-10","","NA"
"2018-02-24 13:00","2018","02","24","13:00","-3.5","","-9.7","","62","","26","","22","","16.1","","92.13","","","","-10","","NA"
"2018-02-24 14:00","2018","02","24","14:00","-3.5","","-9.9","","61","","27","","28","","16.1","","92.13","","","","-11","","NA"
"2018-02-24 15:00","2018","02","24","15:00","-3.6","","-9.8","","62","","28","","28","","16.1","","92.15","","","","-11","","NA"
"2018-02-24 16:00","2018","02","24","16:00","-3.9","","-10.4","","61","","28","","22","","16.1","","92.18","","","","-10","","NA"
"2018-02-24 17:00","2018","02","24","17:00","-5.4","","-10.5","","68","","25","","17","","16.1","","92.18","","","","-11","","NA"
"2018-02-24 18:00","2018","02","24","18:00","-6.0","","-10.4","","71","","25","","13","","16.1","","92.18","","","","-11","","NA"
"2018-02-24 19:00","2018","02","24","19:00","-5.6","","-10.4","","69","","23","","13","","16.1","","92.22","","","","-11","","NA"
"2018-02-24 20:00","2018","02","24","20:00","-5.9","","-11.2","","66","","24","","13","","16.1","","92.19","","","","-11","","NA"
"2018-02-24 21:00","2018","02","24","21:00","-9.9","","-13.1","","78","","21","","17","","16.1","","92.18","","","","-17","","NA"
"2018-02-24 22:00","2018","02","24","22:00","-11.0","","-14.3","","77","","20","","18","","16.1","","92.16","","","","-19","","NA"
"2018-02-24 23:00","2018","02","24","23:00","-11.2","","-14.8","","75","","22","","17","","16.1","","92.07","","","","-19","","NA"
"2018-02-25 00:00","2018","02","25","00:00","-11.9","","-15.7","","74","","21","","13","","16.1","","91.99","","","","-19","","NA"
"2018-02-25 01:00","2018","02","25","01:00","-11.9","","-15.5","","75","","21","","17","","16.1","","91.93","","","","-20","","NA"
"2018-02-25 02:00","2018","02","25","02:00","-11.0","","-15.1","","72","","21","","21","","16.1","","91.90","","","","-19","","NA"
"2018-02-25 03:00","2018","02","25","03:00","-10.8","","-14.6","","74","","21","","17","","16.1","","91.83","","","","-18","","NA"
"2018-02-25 04:00","2018","02","25","04:00","-11.5","","-15.4","","73","","20","","18","","16.1","","91.77","","","","-19","","NA"
"2018-02-25 05:00","2018","02","25","05:00","-11.6","","-15.2","","75","","20","","17","","16.1","","91.74","","","","-19","","NA"
"2018-02-25 06:00","2018","02","25","06:00","-11.7","","-15.3","","75","","20","","13","","16.1","","91.65","","","","-18","","NA"
"2018-02-25 07:00","2018","02","25","07:00","-10.6","","-14.2","","75","","22","","21","","16.1","","91.60","","","","-19","","NA"
"2018-02-25 08:00","2018","02","25","08:00","-8.2","","-12.6","","71","","21","","22","","16.1","","91.55","","","","-16","","NA"
"2018-02-25 09:00","2018","02","25","09:00","-7.8","","-12.0","","72","","22","","22","","16.1","","91.53","","","","-15","","NA"
"2018-02-25 10:00","2018","02","25","10:00","-5.1","","-10.6","","66","","21","","28","","16.1","","91.49","","","","-13","","NA"
"2018-02-25 11:00","2018","02","25","11:00","-2.7","","-8.2","","66","","21","","24","","16.1","","91.47","","","","-9","","NA"
"2018-02-25 12:00","2018","02","25","12:00","-1.1","","-7.1","","64","","20","","26","","16.1","","91.45","","","","-7","","NA"
"2018-02-25 13:00","2018","02","25","13:00","-0.8","","-6.4","","66","","21","","24","","16.1","","91.40","","","","-7","","NA"
"2018-02-25 14:00","2018","02","25","14:00","0.0","","-6.3","","63","","21","","22","","16.1","","91.41","","","","-6","","NA"
"2018-02-25 15:00","2018","02","25","15:00","0.3","","-5.3","","66","","22","","24","","16.1","","91.38","","","","","","NA"
"2018-02-25 16:00","2018","02","25","16:00","0.7","","-4.9","","66","","21","","28","","16.1","","91.36","","","","","","NA"
"2018-02-25 17:00","2018","02","25","17:00","-0.5","","-4.8","","73","","19","","15","","16.1","","91.38","","","","-5","","NA"
"2018-02-25 18:00","2018","02","25","18:00","-1.2","","-5.1","","75","","22","","21","","16.1","","91.37","","","","-7","","NA"
"2018-02-25 19:00","2018","02","25","19:00","-2.5","","-5.7","","79","","20","","18","","16.1","","91.39","","","","-8","","NA"
"2018-02-25 20:00","2018","02","25","20:00","-2.8","","-6.0","","79","","20","","21","","16.1","","91.41","","","","-9","","NA"
"2018-02-25 21:00","2018","02","25","21:00","-3.0","","-6.0","","80","","20","","15","","16.1","","91.42","","","","-8","","NA"
"2018-02-25 22:00","2018","02","25","22:00","-3.2","","-6.2","","80","","21","","11","","16.1","","91.50","","","","-7","","NA"
"2018-02-25 23:00","2018","02","25","23:00","-4.1","","-6.7","","82","","19","","8","","16.1","","91.55","","","","-8","","NA"
"2018-02-26 00:00","2018","02","26","00:00","-4.2","","-7.0","","81","","24","","9","","16.1","","91.63","","","","-8","","NA"
"2018-02-26 01:00","2018","02","26","01:00","-5.4","","-8.8","","77","","28","","8","","16.1","","91.74","","","","-9","","NA"
"2018-02-26 02:00","2018","02","26","02:00","-6.5","","-9.2","","81","","30","","5","","16.1","","91.78","","","","-9","","NA"
"2018-02-26 03:00","2018","02","26","03:00","-8.6","","-11.1","","82","","22","","9","","16.1","","91.87","","","","-13","","NA"
"2018-02-26 04:00","2018","02","26","04:00","-11.2","","-13.8","","82","","27","","9","","16.1","","91.99","","","","-16","","NA"
"2018-02-26 05:00","2018","02","26","05:00","-12.5","","-14.8","","83","","20","","9","","16.1","","92.12","","","","-18","","NA"
"2018-02-26 06:00","2018","02","26","06:00","-15.1","","-17.1","","85","","20","","13","","16.1","","92.23","","","","-22","","NA"
"2018-02-26 07:00","2018","02","26","07:00","-14.8","","-17.4","","81","","23","","9","","16.1","","92.34","","","","-21","","NA"
"2018-02-26 08:00","2018","02","26","08:00","-14.6","","-16.7","","84","","23","","17","","16.1","","92.47","","","","-23","","NA"
"2018-02-26 09:00","2018","02","26","09:00","-11.8","","-13.8","","85","","21","","11","","16.1","","92.58","","","","-18","","NA"
"2018-02-26 10:00","2018","02","26","10:00","-10.0","","-12.6","","82","","24","","8","","16.1","","92.68","","","","-14","","NA"
"2018-02-26 11:00","2018","02","26","11:00","-8.5","","-9.3","","94","","25","","9","","0.6","","92.75","","","","-13","","Freezing Fog"
"2018-02-26 12:00","2018","02","26","12:00","-7.5","","-8.4","","94","","22","","13","","8.1","","92.80","","","","-13","","Fog"
"2018-02-26 13:00","2018","02","26","13:00","-6.0","","-8.0","","86","","23","","17","","16.1","","92.80","","","","-12","","NA"
"2018-02-26 14:00","2018","02","26","14:00","-5.0","","-7.8","","81","","23","","18","","16.1","","92.81","","","","-11","","NA"
"2018-02-26 15:00","2018","02","26","15:00","-4.1","","-7.6","","77","","23","","13","","16.1","","92.78","","","","-9","","NA"
"2018-02-26 16:00","2018","02","26","16:00","-3.8","","-7.7","","74","","21","","13","","16.1","","92.79","","","","-9","","NA"
"2018-02-26 17:00","2018","02","26","17:00","-3.5","","-7.6","","73","","20","","17","","16.1","","92.76","","","","-9","","NA"
"2018-02-26 18:00","2018","02","26","18:00","-5.3","","-8.7","","77","","20","","15","","16.1","","92.74","","","","-11","","NA"
"2018-02-26 19:00","2018","02","26","19:00","-6.8","","-9.8","","79","","20","","13","","16.1","","92.71","","","","-12","","NA"
"2018-02-26 20:00","2018","02","26","20:00","-7.8","","-10.7","","80","","20","","17","","16.1","","92.67","","","","-14","","NA"
"2018-02-26 21:00","2018","02","26","21:00","-5.2","","-9.9","","70","","21","","22","","16.1","","92.62","","","","-12","","NA"
"2018-02-26 22:00","2018","02","26","22:00","-6.3","","-10.4","","73","","21","","28","","16.1","","92.57","","","","-14","","NA"
"2018-02-26 23:00","2018","02","26","23:00","-6.6","","-11.2","","70","","20","","26","","16.1","","92.54","","","","-15","","NA"
"2018-02-27 00:00","2018","02","27","00:00","-6.6","","-11.6","","68","","20","","30","","16.1","","92.46","","","","-15","","NA"
"2018-02-27 01:00","2018","02","27","01:00","-6.2","","-11.6","","66","","20","","28","","16.1","","92.40","","","","-14","","NA"
"2018-02-27 02:00","2018","02","27","02:00","-6.7","","-11.9","","67","","20","","26","","16.1","","92.32","","","","-15","","NA"
"2018-02-27 03:00","2018","02","27","03:00","-6.9","","-11.9","","68","","20","","22","","16.1","","92.25","","","","-14","","NA"
"2018-02-27 04:00","2018","02","27","04:00","-6.7","","-11.9","","67","","20","","32","","16.1","","92.19","","","","-15","","NA"
"2018-02-27 05:00","2018","02","27","05:00","-7.0","","-12.0","","68","","21","","30","","16.1","","92.16","","","","-16","","NA"
"2018-02-27 06:00","2018","02","27","06:00","-5.7","","-11.5","","64","","21","","35","","16.1","","92.10","","","","-14","","NA"
"2018-02-27 07:00","2018","02","27","07:00","-7.2","","-12.0","","69","","22","","34","","16.1","","92.10","","","","-16","","NA"
"2018-02-27 08:00","2018","02","27","08:00","-8.4","","-12.5","","73","","22","","28","","16.1","","92.12","","","","-17","","NA"
"2018-02-27 09:00","2018","02","27","09:00","-6.1","","-10.8","","70","","21","","28","","16.1","","92.12","","","","-14","","NA"
"2018-02-27 10:00","2018","02","27","10:00","-4.4","","-8.9","","71","","22","","24","","16.1","","92.14","","","","-11","","NA"
"2018-02-27 11:00","2018","02","27","11:00","-1.9","","-6.9","","69","","25","","32","","16.1","","92.19","","","","-9","","NA"
"2018-02-27 12:00","2018","02","27","12:00","-1.6","","-5.3","","76","","25","","22","","16.1","","92.19","","","","-8","","NA"
"2018-02-27 13:00","2018","02","27","13:00","-0.7","","-6.3","","66","","25","","28","","16.1","","92.13","","","","-7","","NA"
"2018-02-27 14:00","2018","02","27","14:00","-1.1","","-5.8","","71","","22","","30","","16.1","","92.10","","","","-8","","NA"
"2018-02-27 15:00","2018","02","27","15:00","-0.6","","-5.8","","68","","21","","26","","16.1","","92.08","","","","-7","","NA"
"2018-02-27 16:00","2018","02","27","16:00","-0.5","","-5.3","","70","","21","","17","","16.1","","92.08","","","","-5","","NA"
"2018-02-27 17:00","2018","02","27","17:00","-0.7","","-5.9","","68","","21","","17","","16.1","","92.09","","","","-6","","NA"
"2018-02-27 18:00","2018","02","27","18:00","-2.6","","-7.5","","69","","21","","15","","16.1","","92.09","","","","-8","","NA"
"2018-02-27 19:00","2018","02","27","19:00","-1.4","","-7.0","","66","","26","","41","","16.1","","92.10","","","","-9","","NA"
"2018-02-27 20:00","2018","02","27","20:00","-2.2","","-7.5","","67","","26","","37","","16.1","","92.15","","","","-10","","NA"
"2018-02-27 21:00","2018","02","27","21:00","-3.7","","-8.4","","70","","26","","30","","16.1","","92.20","","","","-11","","NA"
"2018-02-27 22:00","2018","02","27","22:00","-3.3","","-8.4","","68","","26","","37","","16.1","","92.24","","","","-12","","NA"
"2018-02-27 23:00","2018","02","27","23:00","-3.1","","-8.6","","66","","26","","34","","16.1","","92.28","","","","-11","","NA"
"2018-02-28 00:00","2018","02","28","00:00","-3.6","","-8.3","","70","","28","","28","","16.1","","92.34","","","","-11","","NA"
"2018-02-28 01:00","2018","02","28","01:00","-4.7","","-9.2","","71","","28","","22","","16.1","","92.37","","","","-12","","NA"
"2018-02-28 02:00","2018","02","28","02:00","-6.0","","-10.1","","73","","26","","26","","16.1","","92.41","","","","-14","","NA"
"2018-02-28 03:00","2018","02","28","03:00","-7.1","","-10.8","","75","","19","","15","","16.1","","92.45","","","","-13","","NA"
"2018-02-28 04:00","2018","02","28","04:00","-7.1","","-11.3","","72","","20","","15","","16.1","","92.46","","","","-13","","NA"
"2018-02-28 05:00","2018","02","28","05:00","-8.2","","-11.7","","76","","19","","21","","16.1","","92.48","","","","-16","","NA"
"2018-02-28 06:00","2018","02","28","06:00","-8.1","","-11.8","","75","","20","","18","","16.1","","92.52","","","","-15","","NA"
"2018-02-28 07:00","2018","02","28","07:00","-11.4","","-14.1","","80","","21","","17","","16.1","","92.54","","","","-19","","NA"
"2018-02-28 08:00","2018","02","28","08:00","-10.9","","-14.1","","77","","23","","13","","16.1","","92.63","","","","-17","","NA"
"2018-02-28 09:00","2018","02","28","09:00","-9.5","","-12.8","","77","","22","","15","","16.1","","92.67","","","","-16","","NA"
"2018-02-28 10:00","2018","02","28","10:00","-8.3","","-12.0","","75","","23","","13","","16.1","","92.69","","","","-14","","NA"
"2018-02-28 11:00","2018","02","28","11:00","-5.0","","-9.5","","71","","23","","18","","16.1","","92.70","","","","-11","","NA"
"2018-02-28 12:00","2018","02","28","12:00","-4.0","","-8.5","","71","","22","","21","","16.1","","92.75","","","","-10","","NA"
"2018-02-28 13:00","2018","02","28","13:00","-1.8","","-7.8","","64","","21","","21","","16.1","","92.72","","","","-8","","NA"
"2018-02-28 14:00","2018","02","28","14:00","-1.6","","-6.9","","67","","23","","21","","16.1","","92.73","","","","-7","","NA"
"2018-02-28 15:00","2018","02","28","15:00","-1.0","","-6.9","","64","","21","","17","","16.1","","92.72","","","","-6","","NA"
"2018-02-28 16:00","2018","02","28","16:00","-0.7","","-6.3","","66","","21","","15","","16.1","","92.76","","","","-5","","NA"
"2018-02-28 17:00","2018","02","28","17:00","-1.4","","-6.1","","70","","21","","11","","16.1","","92.79","","","","-5","","NA"
"2018-02-28 18:00","2018","02","28","18:00","-4.5","","-7.5","","80","","22","","9","","16.1","","92.83","","","","-8","","NA"
"2018-02-28 19:00","2018","02","28","19:00","-6.5","","-8.9","","83","","18","","5","","16.1","","92.86","","","","-9","","NA"
"2018-02-28 20:00","2018","02","28","20:00","-7.8","","-9.1","","90","","22","","5","","16.1","","92.87","","","","-10","","NA"
"2018-02-28 21:00","2018","02","28","21:00","-8.7","","-11.1","","83","","22","","5","","16.1","","92.90","","","","-11","","NA"
"2018-02-28 22:00","2018","02","28","22:00","-9.5","","-11.2","","88","","20","","4","","16.1","","92.91","","","","-12","","NA"
"2018-02-28 23:00","2018","02","28","23:00","-9.8","","-11.7","","87","","20","","5","","16.1","","92.90","","","","-13","","NA"
